Place_ID,Place_Name,State_UT,Category,Trip_Type,Min_Budget,Max_Budget,Best_Season,Duration_Days,Rating,Description,Image_URL,combined_features
1,Tirupati Temple,Andhra Pradesh,Religious,Family,2000,8000,Winter,2,4.8,Famous hill shrine of Lord Venkateswara.,place_images\Tirupati_Temple.jpg,Religious Family Winter Andhra Pradesh Famous hill shrine of Lord Venkateswara.
2,Araku Valley,Andhra Pradesh,Hill Station,Family,4000,12000,Winter,2,4.4,Scenic valley known for coffee plantations and valleys.,place_images\Araku_Valley.jpg,Hill Station Family Winter Andhra Pradesh Scenic valley known for coffee plantations and valleys.
3,Borra Caves,Andhra Pradesh,Historical,Friends,1500,4000,Winter,1,4.3,Million-year-old limestone caves with stalactites.,place_images\Borra_Caves.jpg,Historical Friends Winter Andhra Pradesh Million-year-old limestone caves with stalactites.
4,Vizag Beach,Andhra Pradesh,Beach,Friends,3000,10000,Winter,2,4.5,Beautiful urban beach along the Bay of Bengal coastline.,place_images\Vizag_Beach.jpg,Beach Friends Winter Andhra Pradesh Beautiful urban beach along the Bay of Bengal coastline.
5,Rushikonda Beach,Andhra Pradesh,Beach,Couple,3000,9000,Winter,1,4.4,Water sports hub with pristine sands and clean waters.,place_images\Rushikonda_Beach.jpg,Beach Couple Winter Andhra Pradesh Water sports hub with pristine sands and clean waters.
6,Undavalli Caves,Andhra Pradesh,Historical,Family,1000,3000,Monsoon,1,4.2,Monolithic Indian rock-cut caves near Vijayawada.,place_images\Undavalli_Caves.jpg,Historical Family Monsoon Andhra Pradesh Monolithic Indian rock-cut caves near Vijayawada.
7,Lepakshi Temple,Andhra Pradesh,Religious,Family,1500,4000,Winter,1,4.6,Famous architectural marvel with a hanging pillar.,place_images\Lepakshi_Temple.jpg,Religious Family Winter Andhra Pradesh Famous architectural marvel with a hanging pillar.
8,Nagarjuna Sagar,Andhra Pradesh,Nature,Family,2500,7000,Monsoon,1,4.3,Massive dam built across Krishna River with island museum.,place_images\Nagarjuna_Sagar.jpg,Nature Family Monsoon Andhra Pradesh Massive dam built across Krishna River with island museum.
9,Belum Caves,Andhra Pradesh,Historical,Friends,2000,5000,Winter,1,4.5,The second largest caves in the Indian subcontinent.,place_images\Belum_Caves.jpg,Historical Friends Winter Andhra Pradesh The second largest caves in the Indian subcontinent.
10,Srisailam,Andhra Pradesh,Religious,Family,3000,9000,Winter,2,4.6,Holy shrine of Lord Shiva amidst Nallamala forests.,place_images\Srisailam.jpg,Religious Family Winter Andhra Pradesh Holy shrine of Lord Shiva amidst Nallamala forests.
11,Kurnool Fort,Andhra Pradesh,Historical,Friends,1000,3000,Winter,1,4.0,Konda Reddy Buruju with historic historical significance.,place_images\kurnool_fort.jpg,Historical Friends Winter Andhra Pradesh Konda Reddy Buruju with historic historical significance.
12,Amaravati,Andhra Pradesh,Religious,Family,2000,6000,Winter,1,4.2,Ancient Buddhist site and modern spiritual town.,place_images\Amaravati.jpg,Religious Family Winter Andhra Pradesh Ancient Buddhist site and modern spiritual town.
13,Vijayawada Kanaka Durga Temple,Andhra Pradesh,Religious,Family,1500,5000,Winter,1,4.7,Revered temple located on the Indrakeeladri hill.,place_images\Vijayawada_Kanaka_Durga_Temple.jpg,Religious Family Winter Andhra Pradesh Revered temple located on the Indrakeeladri hill.
14,Kondapalli Fort,Andhra Pradesh,Historical,Friends,1000,3000,Winter,1,4.1,Historic fort famous for local wooden toys manufacturing.,place_images\Kondapalli_Fort.jpg,Historical Friends Winter Andhra Pradesh Historic fort famous for local wooden toys manufacturing.
15,Horsley Hills,Andhra Pradesh,Hill Station,Couple,4000,11000,Winter,2,4.3,Charming hill station nicknamed Andhra's Ooty.,place_images\Horsley_Hills.jpg,Hill Station Couple Winter Andhra Pradesh Charming hill station nicknamed Andhra's Ooty.
16,Puttaparthi,Andhra Pradesh,Religious,Family,2000,7000,Winter,2,4.5,Spiritual center of Sathya Sai Baba's ashram.,place_images\Puttaparthi.jpg,Religious Family Winter Andhra Pradesh Spiritual center of Sathya Sai Baba's ashram.
17,Srikalahasti Temple,Andhra Pradesh,Religious,Family,2000,6000,Winter,1,4.6,Famous Rahu-Ketu temple dedicated to Lord Shiva.,place_images\Srikalahasti_Temple.jpg,Religious Family Winter Andhra Pradesh Famous Rahu-Ketu temple dedicated to Lord Shiva.
18,Simhachalam Temple,Andhra Pradesh,Religious,Family,1500,4500,Winter,1,4.6,Hilltop temple dedicated to Lord Varaha Lakshmi Narasimha.,place_images\Simhachalam_Temple.jpg,Religious Family Winter Andhra Pradesh Hilltop temple dedicated to Lord Varaha Lakshmi Narasimha.
19,Bhavani Island,Andhra Pradesh,Nature,Family,2500,6000,Winter,1,4.1,River island on Krishna River with recreational parks.,place_images\Bhavani_Island.jpg,Nature Family Winter Andhra Pradesh River island on Krishna River with recreational parks.
20,Talakona Waterfall,Andhra Pradesh,Nature,Friends,1500,4000,Monsoon,1,4.4,Highest waterfall in Andhra Pradesh surrounded by forest.,place_images\Talakona_Waterfall.jpg,Nature Friends Monsoon Andhra Pradesh Highest waterfall in Andhra Pradesh surrounded by forest.
21,Ahobilam,Andhra Pradesh,Religious,Family,2500,7000,Winter,2,4.5,Sacred site of nine shrines of Lord Narasimha.,place_images\Ahobilam.jpg,Religious Family Winter Andhra Pradesh Sacred site of nine shrines of Lord Narasimha.
22,Gandikota Grand Canyon,Andhra Pradesh,Nature,Friends,3000,8000,Winter,2,4.6,Stunning gorge formed by Pennar River resembling Grand Canyon.,place_images\Gandikota_Grand_Canyon.jpg,Nature Friends Winter Andhra Pradesh Stunning gorge formed by Pennar River resembling Grand Canyon.
23,Maredumilli,Andhra Pradesh,Nature,Friends,4000,10000,Monsoon,2,4.4,"Eco-tourism project inside dense, lush tropical forests.",place_images\Maredumilli.jpg,"Nature Friends Monsoon Andhra Pradesh Eco-tourism project inside dense, lush tropical forests."
24,Pulicat Lake,Andhra Pradesh,Nature,Friends,2000,5000,Winter,1,4.2,Massive brackish water lagoon hosting migratory flamingoes.,place_images\Pulicat_Lake.jpg,Nature Friends Winter Andhra Pradesh Massive brackish water lagoon hosting migratory flamingoes.
25,Tawang Monastery,Arunachal Pradesh,Religious,Solo,6000,20000,Summer,3,4.9,Largest monastery in India perched high on mountains.,place_images\Tawang_Monastery.jpg,Religious Solo Summer Arunachal Pradesh Largest monastery in India perched high on mountains.
26,Ziro Valley,Arunachal Pradesh,Hill Station,Friends,8000,22000,Summer,3,4.7,World heritage site famed for music festivals and pine hills.,place_images\Ziro_Valley.jpg,Hill Station Friends Summer Arunachal Pradesh World heritage site famed for music festivals and pine hills.
27,Namdapha National Park,Arunachal Pradesh,Wildlife,Solo,7000,18000,Winter,3,4.5,Biodiversity hotspot boasting rare wild cats and canopy.,place_images\Namdapha_National_Park.jpg,Wildlife Solo Winter Arunachal Pradesh Biodiversity hotspot boasting rare wild cats and canopy.
28,Sela Pass,Arunachal Pradesh,Nature,Solo,5000,15000,Winter,1,4.8,High-altitude mountain pass featuring frozen paradise lakes.,place_images\Sela_Pass.jpg,Nature Solo Winter Arunachal Pradesh High-altitude mountain pass featuring frozen paradise lakes.
29,Bomdila,Arunachal Pradesh,Hill Station,Family,4000,12000,Summer,2,4.3,Town offering apple orchards and scenic Himalayan views.,place_images\Bomdila.jpg,Hill Station Family Summer Arunachal Pradesh Town offering apple orchards and scenic Himalayan views.
30,Dirang,Arunachal Pradesh,Hill Station,Couple,4000,13000,Winter,2,4.4,Picturesque valley known for hot water springs and fort.,place_images\Dirang.jpg,Hill Station Couple Winter Arunachal Pradesh Picturesque valley known for hot water springs and fort.
31,Nuranang Falls,Arunachal Pradesh,Nature,Couple,2000,5000,Summer,1,4.7,Spectacular milk-white cascading waterfall near Tawang.,place_images\Nuranang_Falls.jpg,Nature Couple Summer Arunachal Pradesh Spectacular milk-white cascading waterfall near Tawang.
32,Itanagar Zoo,Arunachal Pradesh,Wildlife,Family,1000,3000,Winter,1,4.0,Biological park displaying native northeastern animal species.,place_images\Itanagar_Zoo.jpg,Wildlife Family Winter Arunachal Pradesh Biological park displaying native northeastern animal species.
33,Roing,Arunachal Pradesh,Nature,Solo,5000,14000,Winter,2,4.2,Tranquil town situated beside the beautiful Dibang River.,place_images\Roing.jpg,Nature Solo Winter Arunachal Pradesh Tranquil town situated beside the beautiful Dibang River.
34,Mechuka,Arunachal Pradesh,Nature,Solo,9000,25000,Summer,4,4.8,Exotic valley with snow-capped peaks and wooden huts.,place_images\Mechuka.jpg,Nature Solo Summer Arunachal Pradesh Exotic valley with snow-capped peaks and wooden huts.
35,Pasighat,Arunachal Pradesh,Nature,Friends,4000,11000,Winter,2,4.2,Oldest town of the state on the banks of Siang River.,place_images\Pasighat.jpg,Nature Friends Winter Arunachal Pradesh Oldest town of the state on the banks of Siang River.
36,Tezu,Arunachal Pradesh,Nature,Family,3500,10000,Winter,2,4.1,Riverside town popular for historical ruins and lakes.,place_images\Tezu.jpg,Nature Family Winter Arunachal Pradesh Riverside town popular for historical ruins and lakes.
37,Daporijo,Arunachal Pradesh,Nature,Solo,5000,13000,Winter,2,4.0,Scenic spot alongside Subansiri River showcasing tribal culture.,place_images\Daporijo.jpg,Nature Solo Winter Arunachal Pradesh Scenic spot alongside Subansiri River showcasing tribal culture.
38,Along,Arunachal Pradesh,Nature,Friends,4500,12000,Winter,2,4.2,Valley known for hanging bridges and orange orchards.,place_images\Along.jpg,Nature Friends Winter Arunachal Pradesh Valley known for hanging bridges and orange orchards.
39,Parshuram Kund,Arunachal Pradesh,Religious,Family,3000,8000,Winter,1,4.5,Holy pilgrimage pool on the Brahmaputra plateau.,place_images\Parshuram_Kund.jpg,Religious Family Winter Arunachal Pradesh Holy pilgrimage pool on the Brahmaputra plateau.
40,Pakke Wildlife Sanctuary,Arunachal Pradesh,Wildlife,Solo,6000,16000,Winter,3,4.6,Award-winning reserve famous for hornbill conservation.,place_images\Pakke_Wildlife_Sanctuary.jpg,Wildlife Solo Winter Arunachal Pradesh Award-winning reserve famous for hornbill conservation.
41,Eaglenest Wildlife,Arunachal Pradesh,Wildlife,Solo,7000,20000,Winter,3,4.5,Birdwatching paradise holding rare avian mountain fauna.,place_images\Eaglenest_Wildlife.jpg,Wildlife Solo Winter Arunachal Pradesh Birdwatching paradise holding rare avian mountain fauna.
42,Sangti Valley,Arunachal Pradesh,Nature,Couple,5000,14000,Summer,2,4.7,Untouched valley hosting migratory black-necked cranes.,place_images\Sangti_Valley.jpg,Nature Couple Summer Arunachal Pradesh Untouched valley hosting migratory black-necked cranes.
43,Bumla Pass,Arunachal Pradesh,Nature,Friends,6000,15000,Summer,1,4.9,Indo-China border pass located at extreme altitude.,place_images\Bumla_Pass.jpg,Nature Friends Summer Arunachal Pradesh Indo-China border pass located at extreme altitude.
44,Pakhui Tiger Reserve,Arunachal Pradesh,Wildlife,Solo,6000,15000,Winter,2,4.4,Protected tiger habitats with pristine perennial streams.,place_images\Pakhui_Tiger_Reserve.jpg,Wildlife Solo Winter Arunachal Pradesh Protected tiger habitats with pristine perennial streams.
45,Anini,Arunachal Pradesh,Nature,Solo,10000,30000,Summer,4,4.8,Remote raw landscape where clouds touch the green hills.,place_images\Anini.jpg,Nature Solo Summer Arunachal Pradesh Remote raw landscape where clouds touch the green hills.
46,Bhalukpong,Arunachal Pradesh,Nature,Friends,3000,9000,Winter,2,4.2,Rafting destination along the Kameng River foothills.,place_images\Bhalukpong.jpg,Nature Friends Winter Arunachal Pradesh Rafting destination along the Kameng River foothills.
47,Gorichen Peak,Arunachal Pradesh,Nature,Solo,12000,35000,Summer,4,4.7,High peak offering challenging alpine trekking trails.,place_images\Gorichen_Peak.jpg,Nature Solo Summer Arunachal Pradesh High peak offering challenging alpine trekking trails.
48,Malinitan,Arunachal Pradesh,Historical,Family,2000,5000,Winter,1,4.1,Archaeological site featuring medieval temple ruins.,place_images\Malinitan.jpg,Historical Family Winter Arunachal Pradesh Archaeological site featuring medieval temple ruins.
49,Kaziranga National Park,Assam,Wildlife,Family,6000,25000,Winter,3,4.9,World heritage site harboring one-horned rhinoceros.,place_images\Kaziranga_National_Park.jpg,Wildlife Family Winter Assam World heritage site harboring one-horned rhinoceros.
50,Majuli Island,Assam,Nature,Solo,3000,10000,Winter,2,4.7,World's largest fresh water river island inside Brahmaputra.,place_images\Majuli_Island.jpg,Nature Solo Winter Assam World's largest fresh water river island inside Brahmaputra.
51,Kamakhya Temple,Assam,Religious,Family,1500,6000,Winter,1,4.8,Revered Shakti Peeth shrine situated on Nilachal Hills.,place_images\Kamakhya_Temple.jpg,Religious Family Winter Assam Revered Shakti Peeth shrine situated on Nilachal Hills.
52,Sibsagar,Assam,Historical,Family,2500,8000,Winter,2,4.4,Historic city featuring monument architecture of Ahom kingdom.,place_images\Sibsagar.jpg,Historical Family Winter Assam Historic city featuring monument architecture of Ahom kingdom.
53,Hajo,Assam,Religious,Family,1000,4000,Winter,1,4.2,"Ancient spiritual confluence of Hinduism, Buddhism, Islam.",place_images\Hajo.jpg,"Religious Family Winter Assam Ancient spiritual confluence of Hinduism, Buddhism, Islam."
54,Pobitora Wildlife,Assam,Wildlife,Friends,3000,9000,Winter,1,4.5,Dense marshy sanctuary holding massive rhino populations.,place_images\Pobitora_Wildlife.jpg,Wildlife Friends Winter Assam Dense marshy sanctuary holding massive rhino populations.
55,Manas National Park,Assam,Wildlife,Friends,5000,18000,Winter,2,4.7,Project Tiger reserve with stunning Himalayan foothills view.,place_images\Manas_National_Park.jpg,Wildlife Friends Winter Assam Project Tiger reserve with stunning Himalayan foothills view.
56,Haflong,Assam,Hill Station,Couple,4000,12000,Winter,2,4.3,The only hill station of Assam with misty lakes.,place_images\Haflong.jpg,Hill Station Couple Winter Assam The only hill station of Assam with misty lakes.
57,Diphu,Assam,Nature,Family,2000,6000,Winter,1,4.0,"Calm, peaceful town known for botanical gardens.",place_images\Diphu.jpg,"Nature Family Winter Assam Calm, peaceful town known for botanical gardens."
58,Sualkuchi,Assam,Historical,Family,1500,5000,Winter,1,4.4,Weaving village crafting golden Muga silk fabrics.,place_images\Sualkuchi.jpg,Historical Family Winter Assam Weaving village crafting golden Muga silk fabrics.
59,Jorhat,Assam,Nature,Couple,3500,11000,Winter,2,4.3,Tea capital of Assam boasting heritage bungalows.,place_images\Jorhat.jpg,Nature Couple Winter Assam Tea capital of Assam boasting heritage bungalows.
60,Dibrugarh Tea Gardens,Assam,Nature,Family,4000,13000,Winter,2,4.4,Expansive green tea plantations beside great river valleys.,place_images\Dibrugarh_Tea_Gardens.jpg,Nature Family Winter Assam Expansive green tea plantations beside great river valleys.
61,Nameri National Park,Assam,Wildlife,Friends,4000,12000,Winter,2,4.6,Ecotourism park perfect for river rafting and birding.,place_images\Nameri_National_Park.jpg,Wildlife Friends Winter Assam Ecotourism park perfect for river rafting and birding.
62,Orang National Park,Assam,Wildlife,Solo,3000,9000,Winter,1,4.2,Mini Kaziranga located on north bank of Brahmaputra.,place_images\Orang_National_Park.jpg,Wildlife Solo Winter Assam Mini Kaziranga located on north bank of Brahmaputra.
63,Sivasagar Sivadol,Assam,Religious,Family,1000,3000,Winter,1,4.5,Tallest Shiva temple tower built by historical queens.,place_images\Sivasagar_Sivadol.jpg,Religious Family Winter Assam Tallest Shiva temple tower built by historical queens.
64,Rang Ghar,Assam,Historical,Family,1000,3000,Winter,1,4.4,Two-storied royal amphitheater pavilion of Ahom kings.,place_images\Rang_Ghar.jpg,Historical Family Winter Assam Two-storied royal amphitheater pavilion of Ahom kings.
65,Talatal Ghar,Assam,Historical,Friends,1000,3000,Winter,1,4.5,Grand military palace structure containing secret underground tunnels.,place_images\Talatal_Ghar.jpg,Historical Friends Winter Assam Grand military palace structure containing secret underground tunnels.
66,Umananda Temple,Assam,Religious,Family,1000,4000,Winter,1,4.6,Peacock Island temple inside the mighty river channel.,place_images\Umananda_Temple.jpg,Religious Family Winter Assam Peacock Island temple inside the mighty river channel.
67,Chandubi Lake,Assam,Nature,Friends,2000,6000,Winter,1,4.1,Natural earthquake-formed lagoon ideal for calm camping.,place_images\Chandubi_Lake.jpg,Nature Friends Winter Assam Natural earthquake-formed lagoon ideal for calm camping.
68,Digboi Oil Town,Assam,Historical,Family,3000,9000,Winter,2,4.3,Birthplace of Asia's oldest industrial operating oil refinery.,place_images\Digboi_Oil_Town.jpg,Historical Family Winter Assam Birthplace of Asia's oldest industrial operating oil refinery.
69,Kakochang Waterfalls,Assam,Nature,Friends,1500,4000,Monsoon,1,4.2,Cascading waterfall near rubber and coffee forest trails.,place_images\Kakochang_Waterfalls.jpg,Nature Friends Monsoon Assam Cascading waterfall near rubber and coffee forest trails.
70,Panimoor Falls,Assam,Nature,Friends,2500,7000,Winter,1,4.3,Stunning wild river rapids flowing over massive rocks.,place_images\Panimoor_Falls.jpg,Nature Friends Winter Assam Stunning wild river rapids flowing over massive rocks.
71,Bodh Gaya,Bihar,Religious,Solo,2500,10000,Winter,2,4.9,Most sacred Buddhist shrine where Buddha attained enlightenment.,place_images\Bodh_Gaya.jpg,Religious Solo Winter Bihar Most sacred Buddhist shrine where Buddha attained enlightenment.
72,Nalanda,Bihar,Historical,Family,1500,5000,Winter,1,4.8,Ancient ruins of the world's premier residential university.,place_images\Nalanda.jpg,Historical Family Winter Bihar Ancient ruins of the world's premier residential university.
73,Vaishali,Bihar,Historical,Family,1200,4000,Winter,1,4.4,Historic republic capital revered by Buddhists and Jains.,place_images\Vaishali.jpg,Historical Family Winter Bihar Historic republic capital revered by Buddhists and Jains.
74,Rajgir,Bihar,Historical,Family,2000,7000,Winter,2,4.6,Valley town famous for hot springs and ropeway.,place_images\Rajgir.jpg,Historical Family Winter Bihar Valley town famous for hot springs and ropeway.
75,Vikramshila,Bihar,Historical,Friends,1500,4000,Winter,1,4.3,Ancient monastic university center established by Pala rulers.,place_images\Vikramshila.jpg,Historical Friends Winter Bihar Ancient monastic university center established by Pala rulers.
76,Patna Sahib,Bihar,Religious,Family,1500,6000,Winter,1,4.8,Birthplace shrine of tenth Sikh master Guru Gobind Singh.,place_images\Patna_Sahib.jpg,Religious Family Winter Bihar Birthplace shrine of tenth Sikh master Guru Gobind Singh.
77,Mahabodhi Temple,Bihar,Religious,Solo,1000,4000,Winter,1,4.9,Iconic pyramid temple standing beside the Bodhi tree.,place_images\Mahabodhi_Temple.jpg,Religious Solo Winter Bihar Iconic pyramid temple standing beside the Bodhi tree.
78,Barabar Caves,Bihar,Historical,Solo,1500,4000,Winter,1,4.2,Oldest surviving rock-cut polished caves in India.,place_images\Barabar_Caves.jpg,Historical Solo Winter Bihar Oldest surviving rock-cut polished caves in India.
79,Munger,Bihar,Historical,Family,2000,6000,Winter,1,4.1,Seat of historic fort and elite yoga world university.,place_images\Munger.jpg,Historical Family Winter Bihar Seat of historic fort and elite yoga world university.
80,Pawapuri,Bihar,Religious,Family,1500,5000,Winter,1,4.6,Marble water temple where Lord Mahavira attained salvation.,place_images\Pawapuri.jpg,Religious Family Winter Bihar Marble water temple where Lord Mahavira attained salvation.
81,Kesaria Stupa,Bihar,Historical,Friends,1500,4000,Winter,1,4.3,One of the tallest ancient Buddhist stupas globally.,place_images\Kesaria_Stupa.jpg,Historical Friends Winter Bihar One of the tallest ancient Buddhist stupas globally.
82,Valmiki National Park,Bihar,Wildlife,Solo,4000,12000,Winter,2,4.4,Dense tiger reserve sanctuary along Indo-Nepal borders.,place_images\Valmiki_National_Park.jpg,Wildlife Solo Winter Bihar Dense tiger reserve sanctuary along Indo-Nepal borders.
83,Sher Shah Suri Tomb,Bihar,Historical,Family,1000,3000,Winter,1,4.5,Masterpiece sandstone mausoleum built middle of a lake.,place_images\Sher_Shah_Suri_Tomb.jpg,Historical Family Winter Bihar Masterpiece sandstone mausoleum built middle of a lake.
84,Sonepur Mela,Bihar,Nature,Friends,2000,8000,Winter,2,4.5,Asia's massive traditional ancient livestock and horse fair.,place_images\Sonepur_Mela.jpg,Nature Friends Winter Bihar Asia's massive traditional ancient livestock and horse fair.
85,Darbhanga,Bihar,Historical,Family,1500,5000,Winter,1,4.1,Cultural city known for royal palaces and art forms.,place_images\Darbhanga.jpg,Historical Family Winter Bihar Cultural city known for royal palaces and art forms.
86,Muzaffarpur,Bihar,Nature,Family,1500,5000,Summer,1,4.0,Famous commercial center exporting premium Shahi litchi fruits.,place_images\Muzaffarpur.jpg,Nature Family Summer Bihar Famous commercial center exporting premium Shahi litchi fruits.
87,Sitamarhi,Bihar,Religious,Family,1200,4000,Winter,1,4.2,Sacred birthplace of Goddess Sita according to mythology.,place_images\Sitamarhi.jpg,Religious Family Winter Bihar Sacred birthplace of Goddess Sita according to mythology.
88,Gaya,Bihar,Religious,Family,1500,6000,Winter,1,4.5,Ancient city famous for performing Pinda Daan rituals.,place_images\Gaya.jpg,Religious Family Winter Bihar Ancient city famous for performing Pinda Daan rituals.
89,Rohtasgarh Fort,Bihar,Historical,Solo,2000,6000,Winter,2,4.3,Hill fort complex situated on the Kaimur plateau.,place_images\Rohtasgarh_Fort.jpg,Historical Solo Winter Bihar Hill fort complex situated on the Kaimur plateau.
90,Buxar,Bihar,Historical,Family,1000,3000,Winter,1,4.0,Historic battleground town resting on holy Ganges banks.,place_images\Buxar.jpg,Historical Family Winter Bihar Historic battleground town resting on holy Ganges banks.
91,Kakolat Waterfall,Bihar,Nature,Friends,1500,4000,Summer,1,4.2,Popular refreshing waterfall cascade down Nawada green hills.,place_images\Kakolat_Waterfall.jpg,Nature Friends Summer Bihar Popular refreshing waterfall cascade down Nawada green hills.
92,Maner Sharif,Bihar,Religious,Family,1000,3000,Winter,1,4.1,Ancient Sufi saints mausoleum showing beautiful intricate stone carving.,place_images\Maner_Sharif.jpg,Religious Family Winter Bihar Ancient Sufi saints mausoleum showing beautiful intricate stone carving.
93,Chitrakoot Falls,Chhattisgarh,Nature,Friends,4000,12000,Monsoon,2,4.8,Widest waterfall in India often called Niagara of India.,place_images\Chitrakoot_Falls.jpg,Nature Friends Monsoon Chhattisgarh Widest waterfall in India often called Niagara of India.
94,Bastar,Chhattisgarh,Nature,Solo,5000,15000,Winter,3,4.6,Tribal cultural hub rich in wood and metal handicrafts.,place_images\Bastar.jpg,Nature Solo Winter Chhattisgarh Tribal cultural hub rich in wood and metal handicrafts.
95,Tirathgarh Falls,Chhattisgarh,Nature,Family,2000,6000,Monsoon,1,4.7,Beautiful step-style cascading falls inside Kanger valley.,place_images\Tirathgarh_Falls.jpg,Nature Family Monsoon Chhattisgarh Beautiful step-style cascading falls inside Kanger valley.
96,Barnawapara,Chhattisgarh,Wildlife,Friends,4000,11000,Winter,2,4.3,Lush forest wildlife sanctuary hosting leopards and bison.,place_images\Barnawapara.jpg,Wildlife Friends Winter Chhattisgarh Lush forest wildlife sanctuary hosting leopards and bison.
97,Kanger Valley,Chhattisgarh,Wildlife,Solo,3500,10000,Winter,2,4.5,Dense national park boasting subterranean caves and wildlife.,place_images\Kanger_Valley.jpg,Wildlife Solo Winter Chhattisgarh Dense national park boasting subterranean caves and wildlife.
98,Dantewada Temple,Chhattisgarh,Religious,Family,3000,8000,Winter,1,4.6,"Ancient temple of Goddess Danteshwari, a Shakti Peeth.",place_images\Dantewada_Temple.jpg,"Religious Family Winter Chhattisgarh Ancient temple of Goddess Danteshwari, a Shakti Peeth."
99,Jagdalpur,Chhattisgarh,Historical,Family,3000,10000,Winter,2,4.4,Tourism capital city of Bastar with royal palace.,place_images\Jagdalpur.jpg,Historical Family Winter Chhattisgarh Tourism capital city of Bastar with royal palace.
100,Sirpur,Chhattisgarh,Historical,Friends,1500,4000,Winter,1,4.5,Archaeological site famous for Laxman brick temple.,place_images\Sirpur.jpg,Historical Friends Winter Chhattisgarh Archaeological site famous for Laxman brick temple.
101,Bhoramdeo Temple,Chhattisgarh,Historical,Couple,2000,6000,Winter,1,4.6,11th-century erotic art temple called Khajuraho of Chhattisgarh.,place_images\Bhoramdeo_Temple.jpg,Historical Couple Winter Chhattisgarh 11th-century erotic art temple called Khajuraho of Chhattisgarh.
102,Rajim,Chhattisgarh,Religious,Family,1500,5000,Winter,1,4.3,Holy confluence town holding the ancient Rajiv Lochan shrine.,place_images\Rajim.jpg,Religious Family Winter Chhattisgarh Holy confluence town holding the ancient Rajiv Lochan shrine.
103,Achanakmar Wildlife,Chhattisgarh,Wildlife,Solo,4000,13000,Winter,2,4.4,Large tiger reserve corridor linking straight to Amarkantak.,place_images\Achanakmar_Wildlife.jpg,Wildlife Solo Winter Chhattisgarh Large tiger reserve corridor linking straight to Amarkantak.
104,Udanti Sitanadi,Chhattisgarh,Wildlife,Solo,5000,14000,Winter,2,4.2,Sanctuary dedicated to protecting endangered wild water buffaloes.,place_images\Udanti_Sitanadi.jpg,Wildlife Solo Winter Chhattisgarh Sanctuary dedicated to protecting endangered wild water buffaloes.
105,Mainpat,Chhattisgarh,Hill Station,Couple,4000,12000,Winter,2,4.5,Hill station town featuring Tibetan settlements and bouncy ground.,place_images\Mainpat.jpg,Hill Station Couple Winter Chhattisgarh Hill station town featuring Tibetan settlements and bouncy ground.
106,Dongargarh,Chhattisgarh,Religious,Family,1500,4000,Winter,1,4.5,Hilltop temple of Bambleshwari Devi accessible via ropeway.,place_images\Dongargarh.jpg,Religious Family Winter Chhattisgarh Hilltop temple of Bambleshwari Devi accessible via ropeway.
107,Raipur Museum,Chhattisgarh,Historical,Family,1000,2500,Winter,1,4.0,Central urban center preserving regional tribal history artifacts.,place_images\Raipur_Museum.jpg,Historical Family Winter Chhattisgarh Central urban center preserving regional tribal history artifacts.
108,Champaran,Chhattisgarh,Religious,Family,1500,4000,Winter,1,4.2,"Birthplace of Saint Vallabhacharya, holding spiritual importance.",place_images\Champaran.jpg,"Religious Family Winter Chhattisgarh Birthplace of Saint Vallabhacharya, holding spiritual importance."
109,Ramdaha Falls,Chhattisgarh,Nature,Friends,2000,5000,Monsoon,1,4.1,Picturesque natural waterfalls forming great rocky picnic forests.,place_images\Ramdaha_Falls.jpg,Nature Friends Monsoon Chhattisgarh Picturesque natural waterfalls forming great rocky picnic forests.
110,Kutumsar Caves,Chhattisgarh,Nature,Friends,2000,5000,Winter,1,4.6,Dark limestone caves featuring unique blind cave fish.,place_images\Kutumsar_Caves.jpg,Nature Friends Winter Chhattisgarh Dark limestone caves featuring unique blind cave fish.
111,Ghatarani Waterfalls,Chhattisgarh,Nature,Friends,1500,4000,Monsoon,1,4.2,Beautiful jungle waterfall alongside a local temple shrine.,place_images\Ghatarani_Waterfalls.jpg,Nature Friends Monsoon Chhattisgarh Beautiful jungle waterfall alongside a local temple shrine.
112,Gangrel Dam,Chhattisgarh,Nature,Family,2500,7000,Winter,1,4.3,Largest dam reservoir hosting watersports and beach resorts.,place_images\Gangrel_Dam.jpg,Nature Family Winter Chhattisgarh Largest dam reservoir hosting watersports and beach resorts.
113,Calangute Beach,Goa,Beach,Friends,5000,20000,Winter,2,4.6,Queen of beaches hosting heavy crowds and pubs.,place_images\Calangute_Beach.jpg,Beach Friends Winter Goa Queen of beaches hosting heavy crowds and pubs.
114,Baga Beach,Goa,Beach,Friends,6000,25000,Winter,2,4.7,Famous party beach known for nightlife and shacks.,place_images\Baga_Beach.jpg,Beach Friends Winter Goa Famous party beach known for nightlife and shacks.
115,Anjuna Beach,Goa,Beach,Solo,4000,18000,Winter,2,4.5,Hippie hotspot famous for flea markets and psytrance.,place_images\Anjuna_Beach.jpg,Beach Solo Winter Goa Hippie hotspot famous for flea markets and psytrance.
116,Dudhsagar Falls,Goa,Nature,Friends,3000,8000,Monsoon,1,4.8,Four-tiered sea of milk waterfall along railway tracks.,place_images\Dudhsagar_Falls.jpg,Nature Friends Monsoon Goa Four-tiered sea of milk waterfall along railway tracks.
117,Old Goa Churches,Goa,Historical,Family,1500,5000,Winter,1,4.7,Basilica of Bom Jesus preserving mortal remains of Xavier.,place_images\Old_Goa_Churches.jpg,Historical Family Winter Goa Basilica of Bom Jesus preserving mortal remains of Xavier.
118,Palolem Beach,Goa,Beach,Couple,6000,22000,Winter,2,4.7,Scenic crescent beach famous for silent disco parties.,place_images\Palolem_Beach.jpg,Beach Couple Winter Goa Scenic crescent beach famous for silent disco parties.
119,Vagator Beach,Goa,Beach,Couple,5000,20000,Winter,2,4.5,Clifftop beach overlooking active seaside dance clubs.,place_images\Vagator_Beach.jpg,Beach Couple Winter Goa Clifftop beach overlooking active seaside dance clubs.
120,Arambol Beach,Goa,Beach,Solo,3000,12000,Winter,2,4.6,Bohemian beach village with drum circles and lake.,place_images\Arambol_Beach.jpg,Beach Solo Winter Goa Bohemian beach village with drum circles and lake.
121,Colva Beach,Goa,Beach,Family,4000,15000,Winter,2,4.3,South Goa's extensive white sand commercial family resort.,place_images\Colva_Beach.jpg,Beach Family Winter Goa South Goa's extensive white sand commercial family resort.
122,Panaji City,Goa,Historical,Couple,5000,18000,Winter,2,4.5,State capital offering colorful Portuguese houses and food.,place_images\Panaji_City.jpg,Historical Couple Winter Goa State capital offering colorful Portuguese houses and food.
123,Chapora Fort,Goa,Historical,Friends,1000,3000,Winter,1,4.4,Dil Chahta Hai movie fame sunset clifftop ruins.,place_images\Chapora_Fort.jpg,Historical Friends Winter Goa Dil Chahta Hai movie fame sunset clifftop ruins.
124,Aguada Fort,Goa,Historical,Family,1500,4000,Winter,1,4.5,17th-century coastal fortress holding a towering old lighthouse.,place_images\Aguada_Fort.jpg,Historical Family Winter Goa 17th-century coastal fortress holding a towering old lighthouse.
125,Butterfly Beach,Goa,Beach,Couple,4000,10000,Winter,1,4.6,Secluded romantic beach cove reachable via boat rides.,place_images\Butterfly_Beach.jpg,Beach Couple Winter Goa Secluded romantic beach cove reachable via boat rides.
126,Morjim Beach,Goa,Beach,Solo,5000,18000,Winter,2,4.4,Quiet northern beach nesting vulnerable Olive Ridley turtles.,place_images\Morjim_Beach.jpg,Beach Solo Winter Goa Quiet northern beach nesting vulnerable Olive Ridley turtles.
127,Divar Island,Goa,Nature,Solo,2000,6000,Winter,1,4.3,River island showcasing old countryside manners via ferry.,place_images\Divar_Island.jpg,Nature Solo Winter Goa River island showcasing old countryside manners via ferry.
128,Bondla Wildlife,Goa,Wildlife,Family,1000,3000,Winter,1,4.0,Small zoo and deer safari park hidden inside forests.,place_images\Bondla_Wildlife.jpg,Wildlife Family Winter Goa Small zoo and deer safari park hidden inside forests.
129,Cotigao Wildlife,Goa,Wildlife,Solo,2000,5000,Winter,1,4.1,Dense tall forest reserve displaying deep canopy trails.,place_images\Cotigao_Wildlife.jpg,Wildlife Solo Winter Goa Dense tall forest reserve displaying deep canopy trails.
130,Sahakari Spice Farm,Goa,Nature,Family,2000,5000,Winter,1,4.3,Guided walking plantation tour serving typical Goan buffet.,place_images\Sahakari_Spice_Farm.jpg,Nature Family Winter Goa Guided walking plantation tour serving typical Goan buffet.
131,Dona Paula,Goa,Nature,Couple,2000,6000,Winter,1,4.2,Ocean viewpoint jetty harboring tragic romance folklore monuments.,place_images\Dona_Paula.jpg,Nature Couple Winter Goa Ocean viewpoint jetty harboring tragic romance folklore monuments.
132,Mandovi River Cruise,Goa,Nature,Family,3000,8000,Winter,1,4.3,Evening party boats offering regional folk dance shows.,place_images\Mandovi_River_Cruise.jpg,Nature Family Winter Goa Evening party boats offering regional folk dance shows.
133,Rann of Kutch,Gujarat,Nature,Family,8000,30000,Winter,3,4.9,Massive seasonal salt desert hosting the Rann Utsav.,place_images\Rann_of_Kutch.jpg,Nature Family Winter Gujarat Massive seasonal salt desert hosting the Rann Utsav.
134,Gir National Park,Gujarat,Wildlife,Family,6000,20000,Winter,2,4.8,The exclusive natural habitat of wild Asiatic lions.,place_images\Gir_National_Park.jpg,Wildlife Family Winter Gujarat The exclusive natural habitat of wild Asiatic lions.
135,Somnath Temple,Gujarat,Religious,Family,2000,8000,Winter,1,4.9,Sacred Jyotirlinga temple standing right on coast waves.,place_images\Somnath_Temple.jpg,Religious Family Winter Gujarat Sacred Jyotirlinga temple standing right on coast waves.
136,Dwarka Temple,Gujarat,Religious,Family,2000,8000,Winter,2,4.8,Ancient kingdom capital temple of Lord Krishna on sea.,place_images\Dwarka_Temple.jpg,Religious Family Winter Gujarat Ancient kingdom capital temple of Lord Krishna on sea.
137,Adalaj Stepwell,Gujarat,Historical,Family,1000,3000,Winter,1,4.6,Intricately carved subterranean five-story deep stone well.,place_images\Adalaj_Stepwell.jpg,Historical Family Winter Gujarat Intricately carved subterranean five-story deep stone well.
138,Sabarmati Ashram,Gujarat,Historical,Solo,1000,3000,Winter,1,4.7,Tranquil home of Mahatma Gandhi along riverfront bank.,place_images\Sabarmati_Ashram.jpg,Historical Solo Winter Gujarat Tranquil home of Mahatma Gandhi along riverfront bank.
139,Rani ki Vav,Gujarat,Historical,Family,1500,4000,Winter,1,4.8,UNESCO heritage stepwell designed as inverted temple structure.,place_images\Rani_ki_Vav.jpg,Historical Family Winter Gujarat UNESCO heritage stepwell designed as inverted temple structure.
140,Modhera Sun Temple,Gujarat,Historical,Friends,1500,4000,Winter,1,4.7,Solanki era masterpiece temple hosting grand stepped tank.,place_images\Modhera_Sun_Temple.jpg,Historical Friends Winter Gujarat Solanki era masterpiece temple hosting grand stepped tank.
141,Saputara,Gujarat,Hill Station,Couple,4000,15000,Monsoon,2,4.3,The standalone hill station of Gujarat in Sahyadris.,place_images\Saputara.jpg,Hill Station Couple Monsoon Gujarat The standalone hill station of Gujarat in Sahyadris.
142,Palitana,Gujarat,Religious,Solo,3000,9000,Winter,2,4.7,Sacred hill containing over 800 marble Jain temples.,place_images\Palitana.jpg,Religious Solo Winter Gujarat Sacred hill containing over 800 marble Jain temples.
143,Girnar,Gujarat,Religious,Solo,2000,6000,Winter,2,4.5,Holy mountain peak reached via thousands of stone stairs.,place_images\Girnar.jpg,Religious Solo Winter Gujarat Holy mountain peak reached via thousands of stone stairs.
144,Lothal,Gujarat,Historical,Friends,1500,4000,Winter,1,4.3,Ancient Indus Valley Civilization port city excavation ruins.,place_images\Lothal.jpg,Historical Friends Winter Gujarat Ancient Indus Valley Civilization port city excavation ruins.
145,Dholavira,Gujarat,Historical,Solo,4000,10000,Winter,2,4.7,Harappan metropolis displaying superior water conservation channels.,place_images\Dholavira.jpg,Historical Solo Winter Gujarat Harappan metropolis displaying superior water conservation channels.
146,Statue of Unity,Gujarat,Historical,Family,4000,15000,Winter,2,4.8,The world's tallest statue dedicated to Patel.,place_images\Statue_of_Unity.jpg,Historical Family Winter Gujarat The world's tallest statue dedicated to Patel.
147,Champaner,Gujarat,Historical,Friends,2000,6000,Winter,2,4.4,UNESCO historical park exhibiting ancient Islamic fort designs.,place_images\Champaner.jpg,Historical Friends Winter Gujarat UNESCO historical park exhibiting ancient Islamic fort designs.
148,Sasan Gir,Gujarat,Wildlife,Family,5000,15000,Winter,2,4.6,Forest safari entry zones for regional lion spotting.,place_images\Sasan_Gir.jpg,Wildlife Family Winter Gujarat Forest safari entry zones for regional lion spotting.
149,Lakhota Lake,Gujarat,Nature,Family,1000,3000,Winter,1,4.1,Jamnagar urban lake centered with beautiful palace museum.,place_images\Lakhota_Lake.jpg,Nature Family Winter Gujarat Jamnagar urban lake centered with beautiful palace museum.
150,Porbandar,Gujarat,Historical,Family,1500,5000,Winter,1,4.2,Birthplace town of Mahatma Gandhi featuring coastal harbor.,place_images\Porbandar.jpg,Historical Family Winter Gujarat Birthplace town of Mahatma Gandhi featuring coastal harbor.
151,Ambaji Temple,Gujarat,Religious,Family,1500,5000,Winter,1,4.6,Major Arasuri hill shrine temple lacking any idol.,place_images\Ambaji_Temple.jpg,Religious Family Winter Gujarat Major Arasuri hill shrine temple lacking any idol.
152,Shoolpaneshwar,Gujarat,Wildlife,Friends,3000,8000,Monsoon,2,4.2,Wildlife sanctuary holding dramatic waterfalls near eco-camps.,place_images\Shoolpaneshwar.jpg,Wildlife Friends Monsoon Gujarat Wildlife sanctuary holding dramatic waterfalls near eco-camps.
153,Kurukshetra,Haryana,Religious,Family,1500,5000,Winter,1,4.5,Historic holy battlefield site where Mahabharata took place.,place_images\Kurukshetra.jpg,Religious Family Winter Haryana Historic holy battlefield site where Mahabharata took place.
154,Sultanpur Bird Sanctuary,Haryana,Wildlife,Friends,1000,3000,Winter,1,4.4,National wetland refuge catching wintering migratory water birds.,place_images\Sultanpur_Bird_Sanctuary.jpg,Wildlife Friends Winter Haryana National wetland refuge catching wintering migratory water birds.
155,Pinjore Gardens,Haryana,Historical,Family,1000,3000,Winter,1,4.3,Mughal terraced style gardens featuring fountains and lights.,place_images\Pinjore_Gardens.jpg,Historical Family Winter Haryana Mughal terraced style gardens featuring fountains and lights.
156,Morni Hills,Haryana,Hill Station,Couple,3000,10000,Winter,2,4.1,The exclusive green hill station pocket of Haryana.,place_images\Morni_Hills.jpg,Hill Station Couple Winter Haryana The exclusive green hill station pocket of Haryana.
157,Damdama Lake,Haryana,Nature,Friends,2000,6000,Winter,1,4.0,Adventure picnic lake base against Aravalli rock hills.,place_images\Damdama_Lake.jpg,Nature Friends Winter Haryana Adventure picnic lake base against Aravalli rock hills.
158,Badkhal Lake,Haryana,Nature,Family,1000,3000,Winter,1,3.8,Fringed Aravalli lake area nearby popular local resorts.,place_images\Badkhal_Lake.jpg,Nature Family Winter Haryana Fringed Aravalli lake area nearby popular local resorts.
159,Surajkund,Haryana,Historical,Friends,1500,5000,Winter,1,4.3,Ancient sun pool venue famous for international crafts.,place_images\Surajkund.jpg,Historical Friends Winter Haryana Ancient sun pool venue famous for international crafts.
160,Mata Sheetala Devi,Haryana,Religious,Family,1000,3000,Winter,1,4.4,Highly visited traditional pilgrimage temple in Gurugram city.,place_images\Mata_Sheetala_Devi.jpg,Religious Family Winter Haryana Highly visited traditional pilgrimage temple in Gurugram city.
161,Panipat Museum,Haryana,Historical,Family,1000,3000,Winter,1,4.1,Housing historical war antiquities from the three historic battles.,place_images\Panipat_Museum.jpg,Historical Family Winter Haryana Housing historical war antiquities from the three historic battles.
162,Sohna,Haryana,Nature,Couple,2500,8000,Winter,1,3.9,Famous for sulfur hot water springs and spa.,place_images\Sohna.jpg,Nature Couple Winter Haryana Famous for sulfur hot water springs and spa.
163,Bhindawas Wildlife,Haryana,Wildlife,Solo,1500,4000,Winter,1,4.1,Large freshwater lake sanctuary ideal for amateur birdwatchers.,place_images\Bhindawas_Wildlife.jpg,Wildlife Solo Winter Haryana Large freshwater lake sanctuary ideal for amateur birdwatchers.
164,Faridabad,Haryana,Nature,Family,2000,6000,Winter,1,3.9,Industrial city holding historic craft villages and lakes.,place_images\Faridabad.jpg,Nature Family Winter Haryana Industrial city holding historic craft villages and lakes.
165,Gurugram Leisure Valley,Haryana,Nature,Friends,1000,4000,Winter,1,4.2,Large open municipal park complex amidst urban corporate skyscrapers.,place_images\Gurugram_Leisure_Valley.jpg,Nature Friends Winter Haryana Large open municipal park complex amidst urban corporate skyscrapers.
166,Kalesar National Park,Haryana,Wildlife,Solo,3000,8000,Winter,2,4.3,Dense Sal forest park hosting leopards and junglefowl.,place_images\Kalesar_National_Park.jpg,Wildlife Solo Winter Haryana Dense Sal forest park hosting leopards and junglefowl.
167,Sheikh Chilli Tomb,Haryana,Historical,Family,1000,2500,Winter,1,4.2,Beautiful Sufi saint tomb monument called Taj of Haryana.,place_images\Sheikh_Chilli_Tomb.jpg,Historical Family Winter Haryana Beautiful Sufi saint tomb monument called Taj of Haryana.
168,Asthal Bohar,Haryana,Religious,Solo,1000,3000,Winter,1,4.0,Monastery complex hosting ancient math artifacts of Nath ascetics.,place_images\Asthal_Bohar.jpg,Religious Solo Winter Haryana Monastery complex hosting ancient math artifacts of Nath ascetics.
169,Brahma Sarovar,Haryana,Religious,Family,1000,4000,Winter,1,4.6,Massive holy water tank associated with creation myths.,place_images\Brahma_Sarovar.jpg,Religious Family Winter Haryana Massive holy water tank associated with creation myths.
170,Jyotisar,Haryana,Religious,Family,1000,3000,Winter,1,4.5,Birthplace site of Gita beneath sacred banyan tree.,place_images\Jyotisar.jpg,Religious Family Winter Haryana Birthplace site of Gita beneath sacred banyan tree.
171,Bir Bara Ban,Haryana,Wildlife,Solo,1500,3500,Winter,1,3.9,Protected small woodland area sanctuary near Jind town.,place_images\Bir_Bara_Ban.jpg,Wildlife Solo Winter Haryana Protected small woodland area sanctuary near Jind town.
172,Chir Taal,Haryana,Nature,Friends,1500,4000,Winter,1,4.0,Secluded forest body attracting local wildlife species.,place_images\Chir_Taal.jpg,Nature Friends Winter Haryana Secluded forest body attracting local wildlife species.
173,Rohtang Pass,Himachal Pradesh,Nature,Friends,8000,25000,Summer,1,4.9,High snow pass connecting Kullu valley towards Lahaul.,place_images\Rohtang_Pass.jpg,Nature Friends Summer Himachal Pradesh High snow pass connecting Kullu valley towards Lahaul.
174,Solang Valley,Himachal Pradesh,Nature,Friends,4000,15000,Summer,1,4.7,Adventure sports capital offering paragliding and ski trails.,place_images\Solang_Valley.jpg,Nature Friends Summer Himachal Pradesh Adventure sports capital offering paragliding and ski trails.
175,Shimla Mall Road,Himachal Pradesh,Hill Station,Family,4000,18000,Winter,2,4.6,Pedestrian colonial street flanked by heritage alpine views.,place_images\Shimla_Mall_Road.jpg,Hill Station Family Winter Himachal Pradesh Pedestrian colonial street flanked by heritage alpine views.
176,Spiti Valley,Himachal Pradesh,Nature,Solo,12000,35000,Summer,5,4.9,Cold desert mountain valley housing old Buddhist culture.,place_images\Spiti_Valley.jpg,Nature Solo Summer Himachal Pradesh Cold desert mountain valley housing old Buddhist culture.
177,Triund Trek,Himachal Pradesh,Nature,Friends,2000,6000,Summer,2,4.7,Popular ridge trek behind Dhauladhar snow line vistas.,place_images\Triund_Trek.jpg,Nature Friends Summer Himachal Pradesh Popular ridge trek behind Dhauladhar snow line vistas.
178,Kasol,Himachal Pradesh,Hill Station,Solo,3000,12000,Summer,3,4.5,Backpacker village along the roaring Parvati river rapids.,place_images\Kasol.jpg,Hill Station Solo Summer Himachal Pradesh Backpacker village along the roaring Parvati river rapids.
179,Dharamshala McLeod Ganj,Himachal Pradesh,Hill Station,Family,4000,16000,Winter,3,4.7,Home to Dalai Lama showcasing Tibetan exile heritage.,place_images\Dharamshala_McLeod_Ganj.jpg,Hill Station Family Winter Himachal Pradesh Home to Dalai Lama showcasing Tibetan exile heritage.
180,Bir Billing,Himachal Pradesh,Nature,Friends,5000,14000,Summer,2,4.8,The world-renowned take-off site for paragliding sport.,place_images\Bir_Billing.jpg,Nature Friends Summer Himachal Pradesh The world-renowned take-off site for paragliding sport.
181,Kufri,Himachal Pradesh,Hill Station,Family,3000,10000,Winter,1,4.2,Snow amusement parks and winter skiing slopes location.,place_images\Kufri.jpg,Hill Station Family Winter Himachal Pradesh Snow amusement parks and winter skiing slopes location.
182,Chail,Himachal Pradesh,Hill Station,Couple,4500,15000,Summer,2,4.4,Quiet hill station hosting the world's highest cricket ground.,place_images\Chail.jpg,Hill Station Couple Summer Himachal Pradesh Quiet hill station hosting the world's highest cricket ground.
183,Dalhousie,Himachal Pradesh,Hill Station,Family,5000,18000,Winter,3,4.5,Colonial era town retaining vintage churches and pines.,place_images\Dalhousie.jpg,Hill Station Family Winter Himachal Pradesh Colonial era town retaining vintage churches and pines.
184,Khajjiar,Himachal Pradesh,Nature,Couple,4000,13000,Summer,1,4.6,Saucer-shaped pine meadow called Mini Switzerland of India.,place_images\Khajjiar.jpg,Nature Couple Summer Himachal Pradesh Saucer-shaped pine meadow called Mini Switzerland of India.
185,Kullu Valley,Himachal Pradesh,Hill Station,Family,4000,15000,Winter,2,4.5,Valley of Gods famous for rivers and Dussehra celebrations.,place_images\Kullu_Valley.jpg,Hill Station Family Winter Himachal Pradesh Valley of Gods famous for rivers and Dussehra celebrations.
186,Manikaran,Himachal Pradesh,Religious,Family,2000,7000,Summer,1,4.4,Hot geothermal springs holding revered Gurudwara and temple.,place_images\Manikaran.jpg,Religious Family Summer Himachal Pradesh Hot geothermal springs holding revered Gurudwara and temple.
187,Kinnaur,Himachal Pradesh,Nature,Solo,8000,22000,Summer,4,4.7,Border district showing apple gardens and cold peaks.,place_images\Kinnaur.jpg,Nature Solo Summer Himachal Pradesh Border district showing apple gardens and cold peaks.
188,Sangla Valley,Himachal Pradesh,Nature,Couple,6000,18000,Summer,2,4.8,Enchanting mountain river valley bordered by green slopes.,place_images\Sangla_Valley.jpg,Nature Couple Summer Himachal Pradesh Enchanting mountain river valley bordered by green slopes.
189,Tirthan Valley,Himachal Pradesh,Nature,Solo,5000,15000,Summer,3,4.7,Eco-paradise famous for trout fishing and quiet treks.,place_images\Tirthan_Valley.jpg,Nature Solo Summer Himachal Pradesh Eco-paradise famous for trout fishing and quiet treks.
190,Great Himalayan National Park,Himachal Pradesh,Wildlife,Solo,6000,18000,Summer,3,4.6,UNESCO wilderness home to rare western tragopan pheasants.,place_images\Great_Himalayan_National_Park.jpg,Wildlife Solo Summer Himachal Pradesh UNESCO wilderness home to rare western tragopan pheasants.
191,Prashar Lake,Himachal Pradesh,Nature,Friends,3000,8000,Summer,2,4.6,Alpine lake with a floating island and temple pagoda.,place_images\Prashar_Lake.jpg,Nature Friends Summer Himachal Pradesh Alpine lake with a floating island and temple pagoda.
192,Chamba,Himachal Pradesh,Historical,Family,3000,10000,Summer,2,4.3,Ancient Ravi valley town keeping old miniature paintings.,place_images\Chamba.jpg,Historical Family Summer Himachal Pradesh Ancient Ravi valley town keeping old miniature paintings.
193,Betla National Park,Jharkhand,Wildlife,Family,3000,9000,Winter,2,4.2,"Pristine sanctuary holding tigers, elephants and old forts.",place_images\Betla_National_Park.jpg,"Wildlife Family Winter Jharkhand Pristine sanctuary holding tigers, elephants and old forts."
194,Hundru Falls,Jharkhand,Nature,Friends,1500,4000,Winter,1,4.5,Subarnarekha River dropping spectacularly down steep rocky cliffs.,place_images\Hundru_Falls.jpg,Nature Friends Winter Jharkhand Subarnarekha River dropping spectacularly down steep rocky cliffs.
195,Jonha Falls,Jharkhand,Nature,Family,1000,3000,Winter,1,4.3,"Also called Gautamdhara falls, carrying nearby Buddhist shrines.",place_images\Jonha_Falls.jpg,"Nature Family Winter Jharkhand Also called Gautamdhara falls, carrying nearby Buddhist shrines."
196,Deoghar,Jharkhand,Religious,Family,1500,6000,Monsoon,2,4.7,Baidyanath Jyotirlinga temple attracting millions of pilgrims.,place_images\Deoghar.jpg,Religious Family Monsoon Jharkhand Baidyanath Jyotirlinga temple attracting millions of pilgrims.
197,Parasnath Hill,Jharkhand,Religious,Solo,2000,7000,Winter,2,4.8,"Shikharji temple, the holiest Jain salvation mountain peak.",place_images\Parasnath_Hill.jpg,"Religious Solo Winter Jharkhand Shikharji temple, the holiest Jain salvation mountain peak."
198,Netarhat,Jharkhand,Hill Station,Couple,3000,9000,Winter,2,4.4,"Queen of Chotanagpur, famed for spectacular mountain sunrises.",place_images\Netarhat.jpg,"Hill Station Couple Winter Jharkhand Queen of Chotanagpur, famed for spectacular mountain sunrises."
199,Dasam Falls,Jharkhand,Nature,Friends,1500,4000,Winter,1,4.4,Beautiful Kanchi river cascade dropping down rock points.,place_images\Dasam_Falls.jpg,Nature Friends Winter Jharkhand Beautiful Kanchi river cascade dropping down rock points.
200,Hirni Falls,Jharkhand,Nature,Family,1000,3000,Winter,1,4.1,Forest-fringed waterfall safari spot inside deep green areas.,place_images\Hirni_Falls.jpg,Nature Family Winter Jharkhand Forest-fringed waterfall safari spot inside deep green areas.
201,Panchghagh Falls,Jharkhand,Nature,Family,1000,3500,Winter,1,4.2,Five parallel streams break cascading over rocky steps.,place_images\Panchghagh_Falls.jpg,Nature Family Winter Jharkhand Five parallel streams break cascading over rocky steps.
202,Topchanchi Lake,Jharkhand,Nature,Friends,1500,4000,Winter,1,4.0,Artificial historical reservoir lake backed by Parasnath hills.,place_images\Topchanchi_Lake.jpg,Nature Friends Winter Jharkhand Artificial historical reservoir lake backed by Parasnath hills.
203,Dimna Lake,Jharkhand,Nature,Family,1500,5000,Winter,1,4.2,Scenic artificial reservoir near Jamshedpur steel city borders.,place_images\Dimna_Lake.jpg,Nature Family Winter Jharkhand Scenic artificial reservoir near Jamshedpur steel city borders.
204,Jubilee Park,Jharkhand,Nature,Family,1000,3000,Winter,1,4.4,Large green urban parks styled after Mysore Brindavan.,place_images\Jubilee_Park.jpg,Nature Family Winter Jharkhand Large green urban parks styled after Mysore Brindavan.
205,Dalma Wildlife,Jharkhand,Wildlife,Friends,2500,7000,Winter,2,4.1,Famous elephant sanctuary tracking herds on hill forests.,place_images\Dalma_Wildlife.jpg,Wildlife Friends Winter Jharkhand Famous elephant sanctuary tracking herds on hill forests.
206,Hazaribagh National Park,Jharkhand,Wildlife,Solo,3000,8000,Winter,2,4.0,Scenic driving tracks into dense forest ecosystem habitats.,place_images\Hazaribagh_National_Park.jpg,Wildlife Solo Winter Jharkhand Scenic driving tracks into dense forest ecosystem habitats.
207,Ranti Hills,Jharkhand,Nature,Solo,1500,4000,Winter,1,3.9,Sparsely populated hill viewpoints over green landscapes.,place_images\Ranti_Hills.jpg,Nature Solo Winter Jharkhand Sparsely populated hill viewpoints over green landscapes.
208,Rock Garden Ranchi,Jharkhand,Nature,Family,1000,3000,Winter,1,4.1,Urban structures carved out of local Gonda hills rocks.,place_images\Rock_Garden_Ranchi.jpg,Nature Family Winter Jharkhand Urban structures carved out of local Gonda hills rocks.
209,Lodh Falls,Jharkhand,Nature,Friends,2000,5000,Monsoon,1,4.6,Highest waterfall cascade located in deep state lines.,place_images\Lodh_Falls.jpg,Nature Friends Monsoon Jharkhand Highest waterfall cascade located in deep state lines.
210,Usri Falls,Jharkhand,Nature,Friends,1000,3000,Winter,1,4.0,Usri river breaking over giant granite block gorges.,place_images\Usri_Falls.jpg,Nature Friends Winter Jharkhand Usri river breaking over giant granite block gorges.
211,McCluskieganj,Jharkhand,Historical,Solo,2500,7000,Winter,2,4.1,Old colonial town retaining unique Anglo-Indian bungalow memories.,place_images\McCluskieganj.jpg,Historical Solo Winter Jharkhand Old colonial town retaining unique Anglo-Indian bungalow memories.
212,Rajrappa Temple,Jharkhand,Religious,Family,1500,4000,Winter,1,4.5,Chhinnamasta temple built on river confluence rapids rocks.,place_images\Rajrappa_Temple.jpg,Religious Family Winter Jharkhand Chhinnamasta temple built on river confluence rapids rocks.
213,Mysore Palace,Karnataka,Historical,Family,2000,8000,Winter,1,4.9,Grand royal Indo-Saracenic seat of Wodeyar dynasty.,place_images\Mysore_Palace.jpg,Historical Family Winter Karnataka Grand royal Indo-Saracenic seat of Wodeyar dynasty.
214,Coorg,Karnataka,Hill Station,Couple,5000,25000,Winter,3,4.8,Misty coffee hills called Scotland of India.,place_images\Coorg.jpg,Hill Station Couple Winter Karnataka Misty coffee hills called Scotland of India.
215,Hampi,Karnataka,Historical,Solo,3000,12000,Winter,3,4.9,Ruins of the magnificent Vijayanagara Empire capital.,place_images\Hampi.jpg,Historical Solo Winter Karnataka Ruins of the magnificent Vijayanagara Empire capital.
216,Jog Falls,Karnataka,Nature,Family,2000,6000,Monsoon,1,4.7,Highest untiered waterfall cascade in India by Sharavathi.,place_images\Jog_Falls.jpg,Nature Family Monsoon Karnataka Highest untiered waterfall cascade in India by Sharavathi.
217,Bandipur,Karnataka,Wildlife,Family,5000,18000,Winter,2,4.6,Project Tiger reserve containing vast sandal forest lanes.,place_images\Bandipur.jpg,Wildlife Family Winter Karnataka Project Tiger reserve containing vast sandal forest lanes.
218,Belur Halebidu,Karnataka,Historical,Family,2000,6000,Winter,1,4.7,Exquisite soapstone carved Hoysala architectural shrines.,place_images\Belur_Halebidu.jpg,Historical Family Winter Karnataka Exquisite soapstone carved Hoysala architectural shrines.
219,Badami Caves,Karnataka,Historical,Friends,2000,5000,Winter,1,4.6,Rock-cut red sandstone cave temples of Chalukya kings.,place_images\Badami_Caves.jpg,Historical Friends Winter Karnataka Rock-cut red sandstone cave temples of Chalukya kings.
220,Gokarna Beach,Karnataka,Beach,Solo,2500,10000,Winter,2,4.6,Unspoiled beach destination famous for Om beach shape.,place_images\Gokarna_Beach.jpg,Beach Solo Winter Karnataka Unspoiled beach destination famous for Om beach shape.
221,Chikmagalur,Karnataka,Hill Station,Friends,4000,16000,Winter,2,4.6,Birthplace of coffee in India with high peak peaks.,place_images\Chikmagalur.jpg,Hill Station Friends Winter Karnataka Birthplace of coffee in India with high peak peaks.
222,Murudeshwar,Karnataka,Religious,Family,3000,10000,Winter,2,4.6,World's second tallest Shiva statue over beach line.,place_images\Murudeshwar.jpg,Religious Family Winter Karnataka World's second tallest Shiva statue over beach line.
223,Nagarhole,Karnataka,Wildlife,Solo,6000,20000,Winter,2,4.7,Kabini riverfront tracking premium Asian elephant wild packs.,place_images\Nagarhole.jpg,Wildlife Solo Winter Karnataka Kabini riverfront tracking premium Asian elephant wild packs.
224,Dandeli,Karnataka,Nature,Friends,4000,12000,Winter,2,4.5,River rafting base across Kali river jungle tracts.,place_images\Dandeli.jpg,Nature Friends Winter Karnataka River rafting base across Kali river jungle tracts.
225,Sakleshpur,Karnataka,Hill Station,Couple,4000,12000,Monsoon,2,4.4,Green Western Ghats getaway with railway bridge treks.,place_images\Sakleshpur.jpg,Hill Station Couple Monsoon Karnataka Green Western Ghats getaway with railway bridge treks.
226,Shravanabelagola,Karnataka,Religious,Family,1500,4000,Winter,1,4.6,Colossal monolithic statue of Lord Bahubali Jain master.,place_images\Shravanabelagola.jpg,Religious Family Winter Karnataka Colossal monolithic statue of Lord Bahubali Jain master.
227,Bijapur,Karnataka,Historical,Family,2000,6000,Winter,2,4.3,Gol Gumbaz whispering gallery building from Adil Shahi.,place_images\Bijapur.jpg,Historical Family Winter Karnataka Gol Gumbaz whispering gallery building from Adil Shahi.
228,Kabini,Karnataka,Wildlife,Couple,8000,30000,Winter,2,4.8,Elite jungle safari territory tracking black panthers.,place_images\Kabini.jpg,Wildlife Couple Winter Karnataka Elite jungle safari territory tracking black panthers.
229,Bheemeshwari,Karnataka,Nature,Friends,2000,6000,Winter,1,4.1,Riverside camp perfect for coracle rides and fishing.,place_images\Bheemeshwari.jpg,Nature Friends Winter Karnataka Riverside camp perfect for coracle rides and fishing.
230,Agumbe,Karnataka,Nature,Solo,2500,7000,Monsoon,2,4.5,"Cherrapunji of South, rainforest center hosting King Cobras.",place_images\Agumbe.jpg,"Nature Solo Monsoon Karnataka Cherrapunji of South, rainforest center hosting King Cobras."
231,Yana Caves,Karnataka,Nature,Friends,2000,5000,Winter,1,4.4,Two massive black crystalline karst rock formations in forest.,place_images\Yana_Caves.jpg,Nature Friends Winter Karnataka Two massive black crystalline karst rock formations in forest.
232,Kodachadri,Karnataka,Nature,Solo,2000,6000,Winter,2,4.5,High peak mountain trek hiding spectacular sunset valley points.,place_images\Kodachadri.jpg,Nature Solo Winter Karnataka High peak mountain trek hiding spectacular sunset valley points.
233,Nandi Hills,Karnataka,Hill Station,Friends,1000,4000,Winter,1,4.3,Popular early morning sunrise viewpoint fortress near Bangalore.,place_images\Nandi_Hills.jpg,Hill Station Friends Winter Karnataka Popular early morning sunrise viewpoint fortress near Bangalore.
234,Udupi,Karnataka,Religious,Family,2500,9000,Winter,2,4.7,Famous Sri Krishna temple town known for coastal food.,place_images\Udupi.jpg,Religious Family Winter Karnataka Famous Sri Krishna temple town known for coastal food.
235,Alleppey Backwaters,Kerala,Nature,Couple,5000,22000,Winter,2,4.9,Traditional houseboat stays cruises across intricate green canals.,place_images\Alleppey_Backwaters.jpg,Nature Couple Winter Kerala Traditional houseboat stays cruises across intricate green canals.
236,Munnar Tea Gardens,Kerala,Hill Station,Couple,4000,18000,Winter,3,4.9,Misty tea estates landscape covering highest South peaks.,place_images\Munnar_Tea_Gardens.jpg,Hill Station Couple Winter Kerala Misty tea estates landscape covering highest South peaks.
237,Varkala Beach,Kerala,Beach,Solo,2500,11000,Winter,2,4.7,Unique red coastal cliffs flanking Arabian sea lanes.,place_images\Varkala_Beach.jpg,Beach Solo Winter Kerala Unique red coastal cliffs flanking Arabian sea lanes.
238,Periyar Wildlife,Kerala,Wildlife,Family,3500,12000,Winter,2,4.6,Thekkady lake boating safaris tracking forest elephant herds.,place_images\Periyar_Wildlife.jpg,Wildlife Family Winter Kerala Thekkady lake boating safaris tracking forest elephant herds.
239,Fort Kochi,Kerala,Historical,Solo,2000,8000,Winter,2,4.6,Historic lanes retaining classic Chinese fishing net structures.,place_images\Fort_Kochi.jpg,Historical Solo Winter Kerala Historic lanes retaining classic Chinese fishing net structures.
240,Wayanad,Kerala,Hill Station,Friends,4000,15000,Winter,2,4.6,Mist-covered spice hills holding hidden ancient cave sites.,place_images\Wayanad.jpg,Hill Station Friends Winter Kerala Mist-covered spice hills holding hidden ancient cave sites.
241,Kovalam Beach,Kerala,Beach,Family,4000,16000,Winter,2,4.5,Iconic red-white striped lighthouse overlook crescent beach.,place_images\Kovalam_Beach.jpg,Beach Family Winter Kerala Iconic red-white striped lighthouse overlook crescent beach.
242,Thekkady,Kerala,Nature,Family,3000,11000,Winter,2,4.5,Sprawling spice farms and plantation walking trail centers.,place_images\Thekkady.jpg,Nature Family Winter Kerala Sprawling spice farms and plantation walking trail centers.
243,Athirappilly Falls,Kerala,Nature,Friends,1500,5000,Monsoon,1,4.7,Majestic heavy waterfall cascade known as Baahubali falls.,place_images\Athirappilly_Falls.jpg,Nature Friends Monsoon Kerala Majestic heavy waterfall cascade known as Baahubali falls.
244,Bekal Fort,Kerala,Historical,Couple,4000,15000,Winter,1,4.6,Large keyhole-shaped coastal fort touching waves.,place_images\Bekal_Fort.jpg,Historical Couple Winter Kerala Large keyhole-shaped coastal fort touching waves.
245,Sabarimala,Kerala,Religious,Solo,2000,6000,Winter,2,4.7,Famous forest hilltop pilgrimage of Lord Ayyappa.,place_images\Sabarimala.jpg,Religious Solo Winter Kerala Famous forest hilltop pilgrimage of Lord Ayyappa.
246,Guruvayur Temple,Kerala,Religious,Family,1500,5000,Winter,1,4.8,Highly sacred temple dedicated to Lord Krishna avatar.,place_images\Guruvayur_Temple.jpg,Religious Family Winter Kerala Highly sacred temple dedicated to Lord Krishna avatar.
247,Ponmudi,Kerala,Hill Station,Friends,2000,6000,Winter,1,4.2,Winding narrow hill station roads with golden valleys.,place_images\Ponmudi.jpg,Hill Station Friends Winter Kerala Winding narrow hill station roads with golden valleys.
248,Kumarakom,Kerala,Nature,Couple,6000,25000,Winter,2,4.7,Luxury bird sanctuary resorts facing Vembanad lake.,place_images\Kumarakom.jpg,Nature Couple Winter Kerala Luxury bird sanctuary resorts facing Vembanad lake.
249,Kannur,Kerala,Beach,Solo,2500,8000,Winter,2,4.3,Home of Theyyam ritual art performances on quiet beaches.,place_images\Kannur.jpg,Beach Solo Winter Kerala Home of Theyyam ritual art performances on quiet beaches.
250,Kozhikode Beach,Kerala,Beach,Family,2000,7000,Winter,1,4.3,Historic spice port shore famous for local halwa shops.,place_images\Kozhikode_Beach.jpg,Beach Family Winter Kerala Historic spice port shore famous for local halwa shops.
251,Silent Valley,Kerala,Wildlife,Solo,3000,9000,Winter,2,4.5,Core evergreen rain forest refuge keeping lion-tailed macaques.,place_images\Silent_Valley.jpg,Wildlife Solo Winter Kerala Core evergreen rain forest refuge keeping lion-tailed macaques.
252,Thenmala,Kerala,Nature,Family,2000,6000,Winter,1,4.2,India's pioneer planned eco-tourism village destination spot.,place_images\Thenmala.jpg,Nature Family Winter Kerala India's pioneer planned eco-tourism village destination spot.
253,Ashtamudi Lake,Kerala,Nature,Couple,4000,15000,Winter,2,4.4,Palm-shaped wide water channel ecosystem perfect for houseboats.,place_images\Ashtamudi_Lake.jpg,Nature Couple Winter Kerala Palm-shaped wide water channel ecosystem perfect for houseboats.
254,Eravikulam National Park,Kerala,Wildlife,Family,2000,5000,Winter,1,4.6,High altitude grasslands home to endangered Nilgiri Tahr.,place_images\Eravikulam_National_Park.jpg,Wildlife Family Winter Kerala High altitude grasslands home to endangered Nilgiri Tahr.
255,Poovar Island,Kerala,Beach,Couple,5000,15000,Winter,2,4.5,"Where backwaters, river, and sea meet golden sands.",place_images\Poovar_Island.jpg,"Beach Couple Winter Kerala Where backwaters, river, and sea meet golden sands."
256,Vagamon,Kerala,Hill Station,Friends,3000,10000,Winter,2,4.4,"Pine forests, green meadows, and tea estates.",place_images\Vagamon.jpg,"Hill Station Friends Winter Kerala Pine forests, green meadows, and tea estates."
257,Khajuraho,Madhya Pradesh,Historical,Couple,3000,12000,Winter,2,4.8,UNESCO temples displaying intricate medieval sensual carvings.,place_images\Khajuraho.jpg,Historical Couple Winter Madhya Pradesh UNESCO temples displaying intricate medieval sensual carvings.
258,Bandhavgarh,Madhya Pradesh,Wildlife,Solo,6000,22000,Winter,2,4.8,Highest density tiger habitat built around ancient hills.,place_images\Bandhavgarh.jpg,Wildlife Solo Winter Madhya Pradesh Highest density tiger habitat built around ancient hills.
259,Sanchi Stupa,Madhya Pradesh,Historical,Family,1500,4500,Winter,1,4.7,Ashoka era premier stone hemisphere Buddhist dome monument.,place_images\Sanchi_Stupa.jpg,Historical Family Winter Madhya Pradesh Ashoka era premier stone hemisphere Buddhist dome monument.
260,Pachmarhi,Madhya Pradesh,Hill Station,Family,4000,14000,Summer,3,4.5,Satpura queen hill station hiding cave waterfall trails.,place_images\Pachmarhi.jpg,Hill Station Family Summer Madhya Pradesh Satpura queen hill station hiding cave waterfall trails.
261,Mandu Fort,Madhya Pradesh,Historical,Couple,2000,7000,Monsoon,2,4.6,Romantic hilltop stone palace architecture of Baz Bahadur.,place_images\Mandu_Fort.jpg,Historical Couple Monsoon Madhya Pradesh Romantic hilltop stone palace architecture of Baz Bahadur.
262,Orchha,Madhya Pradesh,Historical,Solo,2000,8000,Winter,2,4.7,Bundela palaces standing gracefully across Betwa river lines.,place_images\Orchha.jpg,Historical Solo Winter Madhya Pradesh Bundela palaces standing gracefully across Betwa river lines.
263,Ujjain Mahakaleshwar,Madhya Pradesh,Religious,Family,2000,7000,Winter,1,4.9,Holy Jyotirlinga shrine famous for live Bhasma Aarti.,place_images\Ujjain_Mahakaleshwar.jpg,Religious Family Winter Madhya Pradesh Holy Jyotirlinga shrine famous for live Bhasma Aarti.
264,Omkareshwar,Madhya Pradesh,Religious,Family,1500,5000,Winter,1,4.5,Narmada island temple shaped naturally like Om syllable.,place_images\Omkareshwar.jpg,Religious Family Winter Madhya Pradesh Narmada island temple shaped naturally like Om syllable.
265,Kanha National Park,Madhya Pradesh,Wildlife,Family,5000,20000,Winter,2,4.8,Sal forest tiger land inspiring Kipling's Jungle Book.,place_images\Kanha_National_Park.jpg,Wildlife Family Winter Madhya Pradesh Sal forest tiger land inspiring Kipling's Jungle Book.
266,Pench National Park,Madhya Pradesh,Wildlife,Friends,4500,18000,Winter,2,4.7,Interstate reserve tracking rich wolf and leopard packs.,place_images\Pench_National_Park.jpg,Wildlife Friends Winter Madhya Pradesh Interstate reserve tracking rich wolf and leopard packs.
267,Bhimbetka Caves,Madhya Pradesh,Historical,Solo,1500,4000,Winter,1,4.6,Prehistoric rock shelters preserving old human cave drawings.,place_images\Bhimbetka_Caves.jpg,Historical Solo Winter Madhya Pradesh Prehistoric rock shelters preserving old human cave drawings.
268,Gwalior Fort,Madhya Pradesh,Historical,Family,2000,6000,Winter,1,4.7,Gibraltar of India blue tiled hill fort palace.,place_images\Gwalior_Fort.jpg,Historical Family Winter Madhya Pradesh Gibraltar of India blue tiled hill fort palace.
269,Chanderi,Madhya Pradesh,Historical,Solo,2000,5000,Winter,1,4.2,Weaving town famous for traditional royal light sarees.,place_images\Chanderi.jpg,Historical Solo Winter Madhya Pradesh Weaving town famous for traditional royal light sarees.
270,Amarkantak,Madhya Pradesh,Religious,Family,2500,7000,Winter,2,4.5,Holy source origin hills of Narmada river system.,place_images\Amarkantak.jpg,Religious Family Winter Madhya Pradesh Holy source origin hills of Narmada river system.
271,Panna National Park,Madhya Pradesh,Wildlife,Friends,4000,13000,Winter,2,4.4,Deep gorge river sanctuary harboring gharials and tigers.,place_images\Panna_National_Park.jpg,Wildlife Friends Winter Madhya Pradesh Deep gorge river sanctuary harboring gharials and tigers.
272,Bhedaghat,Madhya Pradesh,Nature,Family,2000,6000,Winter,1,4.6,Towering marble rock canyon walls over Narmada river.,place_images\Bhedaghat.jpg,Nature Family Winter Madhya Pradesh Towering marble rock canyon walls over Narmada river.
273,Chitrakoot,Madhya Pradesh,Religious,Family,1500,5000,Winter,1,4.4,Spiritual forest town where Rama spent exile years.,place_images\Chitrakoot.jpg,Religious Family Winter Madhya Pradesh Spiritual forest town where Rama spent exile years.
274,Mandleshwar,Madhya Pradesh,Historical,Solo,1500,4000,Winter,1,4.0,Peaceful temple town resting alongside wide river dams.,place_images\Mandleshwar.jpg,Historical Solo Winter Madhya Pradesh Peaceful temple town resting alongside wide river dams.
275,Bhopal Lakes,Madhya Pradesh,Nature,Family,2000,6000,Winter,1,4.3,Massive twin artificial urban lakes with speedboat clubs.,place_images\Bhopal_Lakes.jpg,Nature Family Winter Madhya Pradesh Massive twin artificial urban lakes with speedboat clubs.
276,Maheshwar,Madhya Pradesh,Historical,Couple,3000,10000,Winter,2,4.6,Ahilya Bai fort complex looking down at grand ghats.,place_images\Maheshwar.jpg,Historical Couple Winter Madhya Pradesh Ahilya Bai fort complex looking down at grand ghats.
277,Gateway of India,Maharashtra,Historical,Family,1000,4000,Winter,1,4.6,Iconic triumphal stone arch archway monument of Mumbai.,place_images\Gateway_of_India.jpg,Historical Family Winter Maharashtra Iconic triumphal stone arch archway monument of Mumbai.
278,Marine Drive,Maharashtra,Nature,Couple,1000,5000,Winter,1,4.7,Queen's Necklace seaside arc promenade along Arabian sea.,place_images\Marine_Drive.jpg,Nature Couple Winter Maharashtra Queen's Necklace seaside arc promenade along Arabian sea.
279,Ajanta Ellora,Maharashtra,Historical,Solo,3000,10000,Winter,3,4.9,Monolithic rock Kailash temple and ancient Buddhist caves.,place_images\Ajanta_Ellora.jpg,Historical Solo Winter Maharashtra Monolithic rock Kailash temple and ancient Buddhist caves.
280,Lonavala,Maharashtra,Hill Station,Friends,3000,12000,Monsoon,2,4.4,Sahyadri pass resort town famous for chikki sweets.,place_images\Lonavala.jpg,Hill Station Friends Monsoon Maharashtra Sahyadri pass resort town famous for chikki sweets.
281,Shirdi,Maharashtra,Religious,Family,2000,8000,Winter,2,4.8,Holy town sanctuary keeping shrine of Sai Baba.,place_images\Shirdi.jpg,Religious Family Winter Maharashtra Holy town sanctuary keeping shrine of Sai Baba.
282,Mahabaleshwar,Maharashtra,Hill Station,Family,4500,18000,Winter,2,4.5,Strawberry fields capital on high evergreen plateau blocks.,place_images\Mahabaleshwar.jpg,Hill Station Family Winter Maharashtra Strawberry fields capital on high evergreen plateau blocks.
283,Elephanta Caves,Maharashtra,Historical,Friends,1000,3000,Winter,1,4.3,Island cave rock carvings dedicated to Trimurti Shiva.,place_images\Elephanta_Caves.jpg,Historical Friends Winter Maharashtra Island cave rock carvings dedicated to Trimurti Shiva.
284,Matheran,Maharashtra,Hill Station,Couple,3500,12000,Winter,2,4.5,Automobile-free peaceful hill station featuring vintage toy trains.,place_images\Matheran.jpg,Hill Station Couple Winter Maharashtra Automobile-free peaceful hill station featuring vintage toy trains.
285,Kolhapur Temple,Maharashtra,Religious,Family,2000,6000,Winter,1,4.6,Mahalakshmi shrine famous for traditional leather footwear.,place_images\Kolhapur_Temple.jpg,Religious Family Winter Maharashtra Mahalakshmi shrine famous for traditional leather footwear.
286,Nashik,Maharashtra,Religious,Family,3000,12000,Winter,2,4.5,Wine capital of India hosting Kumbh Mela ghats.,place_images\Nashik.jpg,Religious Family Winter Maharashtra Wine capital of India hosting Kumbh Mela ghats.
287,Trimbakeshwar,Maharashtra,Religious,Family,1500,5000,Winter,1,4.7,Jyotirlinga temple marking origin of Godavari river.,place_images\Trimbakeshwar.jpg,Religious Family Winter Maharashtra Jyotirlinga temple marking origin of Godavari river.
288,Alibag,Maharashtra,Beach,Friends,4000,15000,Winter,2,4.2,Coastal weekend escape town full of black sands.,place_images\Alibag.jpg,Beach Friends Winter Maharashtra Coastal weekend escape town full of black sands.
289,Murud Janjira,Maharashtra,Historical,Friends,2000,6000,Winter,1,4.6,Impregnable marine island fortress standing inside sea water.,place_images\Murud_Janjira.jpg,Historical Friends Winter Maharashtra Impregnable marine island fortress standing inside sea water.
290,Tadoba Tiger Reserve,Maharashtra,Wildlife,Solo,6000,22000,Winter,2,4.8,Teak forest park noting high tiger reproduction sightings.,place_images\Tadoba_Tiger_Reserve.jpg,Wildlife Solo Winter Maharashtra Teak forest park noting high tiger reproduction sightings.
291,Bhimashankar,Maharashtra,Religious,Solo,2000,6000,Monsoon,1,4.5,Jyotirlinga forest temple home to giant flying squirrels.,place_images\Bhimashankar.jpg,Religious Solo Monsoon Maharashtra Jyotirlinga forest temple home to giant flying squirrels.
292,Raigad Fort,Maharashtra,Historical,Friends,1500,5000,Monsoon,1,4.7,Capital hill fortress of Chhatrapati Shivaji Maharaj.,place_images\Raigad_Fort.jpg,Historical Friends Monsoon Maharashtra Capital hill fortress of Chhatrapati Shivaji Maharaj.
293,Sindhudurg Fort,Maharashtra,Historical,Family,2500,7000,Winter,1,4.5,Ocean fort built over rocky islet by Marathas.,place_images\Sindhudurg_Fort.jpg,Historical Family Winter Maharashtra Ocean fort built over rocky islet by Marathas.
294,Pratapgad Fort,Maharashtra,Historical,Friends,1500,4000,Monsoon,1,4.4,Historic battle site mountain fort near Mahabaleshwar cliffs.,place_images\Pratapgad_Fort.jpg,Historical Friends Monsoon Maharashtra Historic battle site mountain fort near Mahabaleshwar cliffs.
295,Panchgani,Maharashtra,Hill Station,Family,4000,14000,Winter,2,4.4,Table land volcanic plateau hills near scenic valleys.,place_images\Panchgani.jpg,Hill Station Family Winter Maharashtra Table land volcanic plateau hills near scenic valleys.
296,Lavasa,Maharashtra,Hill Station,Couple,5000,16000,Monsoon,2,3.9,Manmade Italian style lakeside holiday town project.,place_images\Lavasa.jpg,Hill Station Couple Monsoon Maharashtra Manmade Italian style lakeside holiday town project.
297,Loktak Lake,Manipur,Nature,Solo,4000,12000,Winter,2,4.8,Largest floating lake featuring circular swamp biomass rings.,place_images\Loktak_Lake.jpg,Nature Solo Winter Manipur Largest floating lake featuring circular swamp biomass rings.
298,Kangla Fort,Manipur,Historical,Family,1000,3000,Winter,1,4.4,Old palace brick seat of Manipur kingdom lines.,place_images\Kangla_Fort.jpg,Historical Family Winter Manipur Old palace brick seat of Manipur kingdom lines.
299,Keibul Lamjao,Manipur,Wildlife,Solo,3000,8000,Winter,1,4.7,World's standalone floating park protecting brow-antlered deer.,place_images\Keibul_Lamjao.jpg,Wildlife Solo Winter Manipur World's standalone floating park protecting brow-antlered deer.
300,Imphal War Cemetery,Manipur,Historical,Family,1000,2500,Winter,1,4.2,Commemorating British Commonwealth soldiers fallen in WWII battles.,place_images\Imphal_War_Cemetery.jpg,Historical Family Winter Manipur Commemorating British Commonwealth soldiers fallen in WWII battles.
301,Shri Govindajee Temple,Manipur,Religious,Family,1000,3000,Winter,1,4.4,Gold domed historic palace temple keeping Radha Krishna.,place_images\Shri_Govindajee_Temple.jpg,Religious Family Winter Manipur Gold domed historic palace temple keeping Radha Krishna.
302,Moreh,Manipur,Historical,Solo,4000,11000,Winter,2,4.0,Border commercial town linking road traffic straight into Myanmar.,place_images\Moreh.jpg,Historical Solo Winter Manipur Border commercial town linking road traffic straight into Myanmar.
303,Dzuko Valley,Manipur,Nature,Solo,5000,15000,Summer,3,4.8,Stunning green valley floor famous for endemic lilies.,place_images\Dzuko_Valley.jpg,Nature Solo Summer Manipur Stunning green valley floor famous for endemic lilies.
304,Ukhrul,Manipur,Hill Station,Couple,4000,11000,Summer,2,4.3,High mist hill town holding Shirui lily valleys.,place_images\Ukhrul.jpg,Hill Station Couple Summer Manipur High mist hill town holding Shirui lily valleys.
305,Tamenglong,Manipur,Nature,Solo,4500,12000,Winter,2,4.1,Hilly forest tracts popular for orange crops and birds.,place_images\Tamenglong.jpg,Nature Solo Winter Manipur Hilly forest tracts popular for orange crops and birds.
306,Senapati,Manipur,Nature,Solo,3500,9000,Winter,2,3.9,Serene tribal lands tracking raw rivers and pine tracks.,place_images\Senapati.jpg,Nature Solo Winter Manipur Serene tribal lands tracking raw rivers and pine tracks.
307,Nungba,Manipur,Nature,Friends,3000,8000,Winter,1,3.8,Midway rest stop surrounded by green mountainous paths.,place_images\Nungba.jpg,Nature Friends Winter Manipur Midway rest stop surrounded by green mountainous paths.
308,Bishnupur,Manipur,Historical,Family,1500,4000,Winter,1,4.3,Ancient single-cell conical brick Vishnu temple designs.,place_images\Bishnupur.jpg,Historical Family Winter Manipur Ancient single-cell conical brick Vishnu temple designs.
309,Moirang,Manipur,Historical,Family,1500,4500,Winter,1,4.5,INA museum site where Indian national flag rose first.,place_images\Moirang.jpg,Historical Family Winter Manipur INA museum site where Indian national flag rose first.
310,Sadu Chiru Waterfall,Manipur,Nature,Friends,1000,3500,Monsoon,1,4.2,Popular three tiered rocky water cascade near Imphal.,place_images\Sadu_Chiru_Waterfall.jpg,Nature Friends Monsoon Manipur Popular three tiered rocky water cascade near Imphal.
311,Khonghampat Orchidarium,Manipur,Nature,Family,1000,3000,Summer,1,4.0,Botanical nursery raising hundreds of colorful orchid varieties.,place_images\Khonghampat_Orchidarium.jpg,Nature Family Summer Manipur Botanical nursery raising hundreds of colorful orchid varieties.
312,Thoubal,Manipur,Nature,Friends,2000,6000,Winter,1,4.0,Riverside plain area offering beautiful local boating tracks.,place_images\Thoubal.jpg,Nature Friends Winter Manipur Riverside plain area offering beautiful local boating tracks.
313,Kakching,Manipur,Nature,Family,1000,3000,Winter,1,4.1,Agricultural town holding manicured green eco garden parks.,place_images\Kakching.jpg,Nature Family Winter Manipur Agricultural town holding manicured green eco garden parks.
314,Chandel,Manipur,Wildlife,Solo,5000,13000,Winter,2,4.0,Bordering district area hosting endangered forest deer species.,place_images\Chandel.jpg,Wildlife Solo Winter Manipur Bordering district area hosting endangered forest deer species.
315,Shirui Lily Peak,Manipur,Nature,Solo,4000,10000,Summer,2,4.6,Mountain trek path tracking rare wild lily blossoms.,place_images\Shirui_Lily_Peak.jpg,Nature Solo Summer Manipur Mountain trek path tracking rare wild lily blossoms.
316,Leimaram Waterfall,Manipur,Nature,Friends,1500,4000,Monsoon,1,4.2,Scenic triple waterfall site gaining local weekend crowds.,place_images\Leimaram_Waterfall.jpg,Nature Friends Monsoon Manipur Scenic triple waterfall site gaining local weekend crowds.
317,Living Root Bridges,Meghalaya,Nature,Friends,3000,10000,Monsoon,2,4.9,Bio-engineered tree root links growing over jungle streams.,place_images\Living_Root_Bridges.jpg,Nature Friends Monsoon Meghalaya Bio-engineered tree root links growing over jungle streams.
318,Shillong,Meghalaya,Hill Station,Family,4000,16000,Winter,3,4.6,"Scotland of East, town showing pine lakes and music culture.",place_images\Shillong.jpg,"Hill Station Family Winter Meghalaya Scotland of East, town showing pine lakes and music culture."
319,Dawki River,Meghalaya,Nature,Friends,3000,9000,Winter,1,4.8,Umngot river offering glass-like transparent emerald water boating.,place_images\Dawki_River.jpg,Nature Friends Winter Meghalaya Umngot river offering glass-like transparent emerald water boating.
320,Mawlynnong,Meghalaya,Nature,Family,2000,6000,Summer,1,4.7,Awarded Asia's cleanest village featuring thatch huts.,place_images\Mawlynnong.jpg,Nature Family Summer Meghalaya Awarded Asia's cleanest village featuring thatch huts.
321,Nohkalikai Falls,Meghalaya,Nature,Couple,1500,4000,Monsoon,1,4.8,India's tallest plunge waterfall dropping down green canyons.,place_images\Nohkalikai_Falls.jpg,Nature Couple Monsoon Meghalaya India's tallest plunge waterfall dropping down green canyons.
322,Cherrapunji,Meghalaya,Hill Station,Family,4000,15000,Monsoon,2,4.7,World's wettest tabletop plateau holding deep cave entries.,place_images\Cherrapunji.jpg,Hill Station Family Monsoon Meghalaya World's wettest tabletop plateau holding deep cave entries.
323,Elephant Falls,Meghalaya,Nature,Family,1000,3000,Monsoon,1,4.3,Three-step fern-fringed water rapids located near Shillong.,place_images\Elephant_Falls.jpg,Nature Family Monsoon Meghalaya Three-step fern-fringed water rapids located near Shillong.
324,Ward's Lake,Meghalaya,Nature,Couple,1000,3000,Winter,1,4.2,Horseshoe-shaped vintage British garden pool with boating docks.,place_images\Wards_Lake.jpg,Nature Couple Winter Meghalaya Horseshoe-shaped vintage British garden pool with boating docks.
325,Umiam Lake,Meghalaya,Nature,Friends,2000,7000,Winter,1,4.5,Massive blue water reservoir offering speed water sports.,place_images\Umiam_Lake.jpg,Nature Friends Winter Meghalaya Massive blue water reservoir offering speed water sports.
326,Laitlum Canyons,Meghalaya,Nature,Couple,1500,4000,Monsoon,1,4.7,Endless deep green ridge gorge drops lost in clouds.,place_images\Laitlum_Canyons.jpg,Nature Couple Monsoon Meghalaya Endless deep green ridge gorge drops lost in clouds.
327,Mawsmai Cave,Meghalaya,Nature,Family,1000,3000,Winter,1,4.4,Lit limestone cave showcasing stalactite pillar formations.,place_images\Mawsmai_Cave.jpg,Nature Family Winter Meghalaya Lit limestone cave showcasing stalactite pillar formations.
328,Krem Liat Prah,Meghalaya,Nature,Solo,5000,14000,Winter,2,4.6,The longest cave network explorer system across India.,place_images\Krem_Liat_Prah.jpg,Nature Solo Winter Meghalaya The longest cave network explorer system across India.
329,Balpakram,Meghalaya,Wildlife,Solo,6000,16000,Winter,3,4.4,Deep sacred canyon gorge land holding rare red pandas.,place_images\Balpakram.jpg,Wildlife Solo Winter Meghalaya Deep sacred canyon gorge land holding rare red pandas.
330,Nokrek,Meghalaya,Wildlife,Solo,4500,12000,Winter,2,4.5,Biosphere cloud forest rich in native citrus gene trees.,place_images\Nokrek.jpg,Wildlife Solo Winter Meghalaya Biosphere cloud forest rich in native citrus gene trees.
331,Mawphlang Sacred Grove,Meghalaya,Nature,Solo,1500,4000,Summer,1,4.6,Preserved ancient Khasi clan forest tracking complex taboos.,place_images\Mawphlang_Sacred_Grove.jpg,Nature Solo Summer Meghalaya Preserved ancient Khasi clan forest tracking complex taboos.
332,Jowai,Meghalaya,Hill Station,Friends,3500,10000,Winter,2,4.1,Jaintia hills center containing beautiful monolithic stone arrays.,place_images\Jowai.jpg,Hill Station Friends Winter Meghalaya Jaintia hills center containing beautiful monolithic stone arrays.
333,Tura,Meghalaya,Hill Station,Solo,4000,11000,Winter,2,4.1,Garo hills climbing hub facing wide valley horizons.,place_images\Tura.jpg,Hill Station Solo Winter Meghalaya Garo hills climbing hub facing wide valley horizons.
334,Siju Cave,Meghalaya,Nature,Friends,2000,5000,Winter,1,4.3,Bat-filled massive subterranean river tunnel cave layouts.,place_images\Siju_Cave.jpg,Nature Friends Winter Meghalaya Bat-filled massive subterranean river tunnel cave layouts.
335,Krang Suri Falls,Meghalaya,Nature,Friends,2000,5000,Winter,1,4.7,Stunning blue water pool waterfall hidden inside hills.,place_images\Krang_Suri_Falls.jpg,Nature Friends Winter Meghalaya Stunning blue water pool waterfall hidden inside hills.
336,Phe Phe Falls,Meghalaya,Nature,Friends,2500,6000,Winter,1,4.6,Two-tier spectacular hidden waterfall near Jowai tracks.,place_images\Phe_Phe_Falls.jpg,Nature Friends Winter Meghalaya Two-tier spectacular hidden waterfall near Jowai tracks.
337,Phawngpui Blue Mountain,Mizoram,Nature,Solo,6000,18000,Summer,3,4.7,The highest mountain peak of Mizoram holding rare orchids.,place_images\Phawngpui_Blue_Mountain.jpg,Nature Solo Summer Mizoram The highest mountain peak of Mizoram holding rare orchids.
338,Vantawng Falls,Mizoram,Nature,Family,1500,4500,Monsoon,1,4.5,Highest two tiered green mountain bamboo valley waterfall drop.,place_images\Vantawng_Falls.jpg,Nature Family Monsoon Mizoram Highest two tiered green mountain bamboo valley waterfall drop.
339,Reiek,Mizoram,Hill Station,Solo,2500,7000,Winter,2,4.6,High rocky ridge mountain edge looking at lush valleys.,place_images\Reiek.jpg,Hill Station Solo Winter Mizoram High rocky ridge mountain edge looking at lush valleys.
340,Aizawl,Mizoram,Hill Station,Family,4000,15000,Winter,3,4.4,Clifftop state capital city packed with timber houses.,place_images\Aizawl.jpg,Hill Station Family Winter Mizoram Clifftop state capital city packed with timber houses.
341,Champhai,Mizoram,Nature,Solo,5000,14000,Winter,2,4.2,Vineyard plain orchards looking straight down Indo-Myanmar hills.,place_images\Champhai.jpg,Nature Solo Winter Mizoram Vineyard plain orchards looking straight down Indo-Myanmar hills.
342,Lunglei,Mizoram,Hill Station,Family,4000,12000,Winter,2,4.1,Quiet town famous for bridge-like natural rock formations.,place_images\Lunglei.jpg,Hill Station Family Winter Mizoram Quiet town famous for bridge-like natural rock formations.
343,Murlen National Park,Mizoram,Wildlife,Solo,6000,15000,Winter,3,4.3,Extremely dense forest slopes compared to Amazonian jungle covers.,place_images\Murlen_National_Park.jpg,Wildlife Solo Winter Mizoram Extremely dense forest slopes compared to Amazonian jungle covers.
344,Dampa Tiger Reserve,Mizoram,Wildlife,Solo,5000,14000,Winter,3,4.1,Remote international border sanctuary tracking wild forest cats.,place_images\Dampa_Tiger_Reserve.jpg,Wildlife Solo Winter Mizoram Remote international border sanctuary tracking wild forest cats.
345,Tam Dil Lake,Mizoram,Nature,Couple,2000,6000,Winter,1,4.2,Tranquil fish lake pool surrounded by evergreen forests.,place_images\Tam_Dil_Lake.jpg,Nature Couple Winter Mizoram Tranquil fish lake pool surrounded by evergreen forests.
346,Palak Lake,Mizoram,Nature,Solo,5000,13000,Winter,2,4.0,Largest lake body in southern Mizoram wetland forests.,place_images\Palak_Lake.jpg,Nature Solo Winter Mizoram Largest lake body in southern Mizoram wetland forests.
347,Saiha,Mizoram,Nature,Solo,6000,15000,Winter,2,4.0,Angling paradise base situated alongside Chhimtuipui river curves.,place_images\Saiha.jpg,Nature Solo Winter Mizoram Angling paradise base situated alongside Chhimtuipui river curves.
348,Kolasib,Mizoram,Nature,Friends,3000,8000,Winter,1,3.9,Riverside handicraft town overlooking active local project reservoirs.,place_images\Kolasib.jpg,Nature Friends Winter Mizoram Riverside handicraft town overlooking active local project reservoirs.
349,Thenzawl,Mizoram,Nature,Family,2500,7000,Winter,2,4.2,Flat green valley town hosting deer parks and weavers.,place_images\Thenzawl.jpg,Nature Family Winter Mizoram Flat green valley town hosting deer parks and weavers.
350,Hmuifang,Mizoram,Hill Station,Couple,3000,9000,Winter,2,4.4,Cloud-covered peak hill holding old Mizo village models.,place_images\Hmuifang.jpg,Hill Station Couple Winter Mizoram Cloud-covered peak hill holding old Mizo village models.
351,Durtlang Hills,Mizoram,Nature,Friends,1000,3000,Winter,1,4.3,High rock cliff platform looking down directly at Imphal-style grids.,place_images\Durtlang_Hills.jpg,Nature Friends Winter Mizoram High rock cliff platform looking down directly at Imphal-style grids.
352,Farkawn,Mizoram,Historical,Solo,5000,12000,Winter,2,4.1,Village keeping old tribal stone markers and folk caves.,place_images\Farkawn.jpg,Historical Solo Winter Mizoram Village keeping old tribal stone markers and folk caves.
353,Serchhip,Mizoram,Nature,Friends,4000,10000,Winter,2,4.0,Boasting high state literacy among deep crop valleys.,place_images\Serchhip.jpg,Nature Friends Winter Mizoram Boasting high state literacy among deep crop valleys.
354,Lawngtlai,Mizoram,Nature,Solo,5000,13000,Winter,2,3.9,Western district border tracking rich pristine rain woods.,place_images\Lawngtlai.jpg,Nature Solo Winter Mizoram Western district border tracking rich pristine rain woods.
355,Hornbill Festival,Nagaland,Historical,Friends,6000,25000,Winter,3,4.9,Grand inter-tribal cultural dance festival held at Kisama.,place_images\Hornbill_Festival.jpg,Historical Friends Winter Nagaland Grand inter-tribal cultural dance festival held at Kisama.
356,Dzukou Valley,Nagaland,Nature,Solo,4000,12000,Summer,3,4.9,Stunning rolling green dwarf-bamboo valley landscape trek.,place_images\Dzukou_Valley.jpg,Nature Solo Summer Nagaland Stunning rolling green dwarf-bamboo valley landscape trek.
357,Kohima War Cemetery,Nagaland,Historical,Family,1000,3000,Winter,1,4.6,WWII memorial honoring garrison forces stopping invasion pushes.,place_images\Kohima_War_Cemetery.jpg,Historical Family Winter Nagaland WWII memorial honoring garrison forces stopping invasion pushes.
358,Japfu Peak,Nagaland,Nature,Solo,3000,9000,Winter,2,4.5,Home to tallest rhododendron tree scaling high ridges.,place_images\Japfu_Peak.jpg,Nature Solo Winter Nagaland Home to tallest rhododendron tree scaling high ridges.
359,Mokokchung,Nagaland,Hill Station,Solo,4000,12000,Winter,2,4.4,Cultural home town of Ao Naga clan families.,place_images\Mokokchung.jpg,Hill Station Solo Winter Nagaland Cultural home town of Ao Naga clan families.
360,Mon,Nagaland,Historical,Solo,6000,18000,Winter,3,4.7,"Land of Konyak chiefs, famous for tattooed faces.",place_images\Mon.jpg,"Historical Solo Winter Nagaland Land of Konyak chiefs, famous for tattooed faces."
361,Tuensang,Nagaland,Nature,Solo,5000,14000,Winter,2,4.0,Eastern frontier showcasing complex indigenous textile hand weaving.,place_images\Tuensang.jpg,Nature Solo Winter Nagaland Eastern frontier showcasing complex indigenous textile hand weaving.
362,Wokha,Nagaland,Nature,Friends,3500,10000,Winter,2,4.2,Mount Tiyi overlook catching massive falcon winter roosts.,place_images\Wokha.jpg,Nature Friends Winter Nagaland Mount Tiyi overlook catching massive falcon winter roosts.
363,Phek,Nagaland,Nature,Solo,4500,12000,Winter,2,4.1,Terraced water cultivation fields across scenic mountain lines.,place_images\Phek.jpg,Nature Solo Winter Nagaland Terraced water cultivation fields across scenic mountain lines.
364,Zunheboto,Nagaland,Religious,Family,4000,11000,Winter,2,4.2,Hosts one of Asia's largest church dome structures.,place_images\Zunheboto.jpg,Religious Family Winter Nagaland Hosts one of Asia's largest church dome structures.
365,Intangki National Park,Nagaland,Wildlife,Solo,5000,13000,Winter,2,4.3,Equatorial rainforest habitat home to wild gibbon apes.,place_images\Intangki_National_Park.jpg,Wildlife Solo Winter Nagaland Equatorial rainforest habitat home to wild gibbon apes.
366,Doyang Lake,Nagaland,Nature,Friends,2000,6000,Winter,1,4.5,Reservoir famous for welcoming migrating Amur Falcon flocks.,place_images\Doyang_Lake.jpg,Nature Friends Winter Nagaland Reservoir famous for welcoming migrating Amur Falcon flocks.
367,Khonoma Village,Nagaland,Historical,Solo,2500,8000,Winter,2,4.7,India's first certified green eco village holding stone structures.,place_images\Khonoma_Village.jpg,Historical Solo Winter Nagaland India's first certified green eco village holding stone structures.
368,Dimapur Ruins,Nagaland,Historical,Family,1000,3000,Winter,1,4.0,13th century mushroom-shaped stone pillars of Kachari kingdom.,place_images\Dimapur_Ruins.jpg,Historical Family Winter Nagaland 13th century mushroom-shaped stone pillars of Kachari kingdom.
369,Benreu,Nagaland,Nature,Solo,3000,9000,Winter,2,4.3,Unexplored mountaintop village full of tribal organic culture.,place_images\Benreu.jpg,Nature Solo Winter Nagaland Unexplored mountaintop village full of tribal organic culture.
370,Pfutsero,Nagaland,Hill Station,Couple,3000,9000,Winter,2,4.5,Coldest inhabited town in Nagaland showing cherry blossoms.,place_images\Pfutsero.jpg,Hill Station Couple Winter Nagaland Coldest inhabited town in Nagaland showing cherry blossoms.
371,Meluri,Nagaland,Nature,Solo,5000,13000,Winter,2,4.1,Rock formations and mineral rich hills near river lines.,place_images\Meluri.jpg,Nature Solo Winter Nagaland Rock formations and mineral rich hills near river lines.
372,Tuophema Village,Nagaland,Historical,Family,3000,9000,Winter,2,4.4,Tourist village model offering typical traditional Naga hut stays.,place_images\Tuophema_Village.jpg,Historical Family Winter Nagaland Tourist village model offering typical traditional Naga hut stays.
373,Konark Sun Temple,Odisha,Historical,Family,1500,5000,Winter,1,4.9,Ganga dynasty colossal stone chariot architecture dedicated to Sun.,place_images\Konark_Sun_Temple.jpg,Historical Family Winter Odisha Ganga dynasty colossal stone chariot architecture dedicated to Sun.
374,Jagannath Temple,Odisha,Religious,Family,1500,6000,Winter,2,4.9,Sacred Dham seaside temple known for Rath Yatra.,place_images\Jagannath_Temple.jpg,Religious Family Winter Odisha Sacred Dham seaside temple known for Rath Yatra.
375,Chilika Lake,Odisha,Nature,Family,2500,9000,Winter,2,4.7,Massive brackish water lake sheltering rare Irrawaddy dolphins.,place_images\Chilika_Lake.jpg,Nature Family Winter Odisha Massive brackish water lake sheltering rare Irrawaddy dolphins.
376,Simlipal National Park,Odisha,Wildlife,Solo,5000,15000,Winter,3,4.5,Mayurbhanj tiger reserve holding grand forest waterfall drop points.,place_images\Simlipal_National_Park.jpg,Wildlife Solo Winter Odisha Mayurbhanj tiger reserve holding grand forest waterfall drop points.
377,Udayagiri Khandagiri,Odisha,Historical,Friends,1000,3000,Winter,1,4.4,Ancient twin-hill rock cut caves carved for Jain ascetics.,place_images\Udayagiri_Khandagiri.jpg,Historical Friends Winter Odisha Ancient twin-hill rock cut caves carved for Jain ascetics.
378,Lingaraj Temple,Odisha,Religious,Family,1000,4000,Winter,1,4.8,11th century Kalinga architecture monument tower in Bhubaneswar.,place_images\Lingaraj_Temple.jpg,Religious Family Winter Odisha 11th century Kalinga architecture monument tower in Bhubaneswar.
379,Mukteswar Temple,Odisha,Historical,Family,1000,3000,Winter,1,4.6,Gem of Odishan architecture famous for arched stone torana.,place_images\Mukteswar_Temple.jpg,Historical Family Winter Odisha Gem of Odishan architecture famous for arched stone torana.
380,Puri Beach,Odisha,Beach,Family,2000,8000,Winter,2,4.5,Golden sand dynamic waves beach hosting sand art shows.,place_images\Puri_Beach.jpg,Beach Family Winter Odisha Golden sand dynamic waves beach hosting sand art shows.
381,Bhitarkanika,Odisha,Wildlife,Solo,4000,12000,Winter,2,4.6,Mangrove boat trail swamps packing massive saltwater crocodile populations.,place_images\Bhitarkanika.jpg,Wildlife Solo Winter Odisha Mangrove boat trail swamps packing massive saltwater crocodile populations.
382,Daringbadi,Odisha,Hill Station,Couple,3500,11000,Winter,2,4.3,"Nicknamed Kashmir of Odisha, showing coffee gardens and frost.",place_images\Daringbadi.jpg,"Hill Station Couple Winter Odisha Nicknamed Kashmir of Odisha, showing coffee gardens and frost."
383,Tikarpara,Odisha,Nature,Friends,3000,8000,Winter,2,4.4,Gharial crocodile breeding center based inside deep river gorges.,place_images\Tikarpara.jpg,Nature Friends Winter Odisha Gharial crocodile breeding center based inside deep river gorges.
384,Satkosia Gorge,Odisha,Nature,Solo,4000,12000,Winter,2,4.5,Mahanadi river cutting deep inside long mountain forest canyons.,place_images\Satkosia_Gorge.jpg,Nature Solo Winter Odisha Mahanadi river cutting deep inside long mountain forest canyons.
385,Barabati Fort,Odisha,Historical,Friends,1000,3000,Winter,1,4.0,9th century earthen moat fort layout in Cuttack.,place_images\Barabati_Fort.jpg,Historical Friends Winter Odisha 9th century earthen moat fort layout in Cuttack.
386,Dhauli Peace Pagoda,Odisha,Historical,Family,1000,3000,Winter,1,4.5,White dome stupa built over Kalinga battle hills.,place_images\Dhauli_Peace_Pagoda.jpg,Historical Family Winter Odisha White dome stupa built over Kalinga battle hills.
387,Ratnagiri Buddhist,Odisha,Historical,Solo,2000,5000,Winter,1,4.4,Ancient university hill ruins holding beautiful stone door frames.,place_images\Ratnagiri_Buddhist.jpg,Historical Solo Winter Odisha Ancient university hill ruins holding beautiful stone door frames.
388,Gopalpur on Sea,Odisha,Beach,Couple,3500,12000,Winter,2,4.3,Relaxed old colonial port beach with historic lighthouse.,place_images\Gopalpur_on_Sea.jpg,Beach Couple Winter Odisha Relaxed old colonial port beach with historic lighthouse.
389,Nandankanan Zoo,Odisha,Wildlife,Family,1000,3500,Winter,1,4.5,First Indian zoo breeding rare white tigers and melanistic.,place_images\Nandankanan_Zoo.jpg,Wildlife Family Winter Odisha First Indian zoo breeding rare white tigers and melanistic.
390,Hirakud Dam,Odisha,Nature,Family,1500,4500,Winter,1,4.4,One of the world's longest major earthen dam works.,place_images\Hirakud_Dam.jpg,Nature Family Winter Odisha One of the world's longest major earthen dam works.
391,Chandrabhaga Beach,Odisha,Beach,Couple,1500,4000,Winter,1,4.5,Clean blue flag beach close to Konark temple.,place_images\Chandrabhaga_Beach.jpg,Beach Couple Winter Odisha Clean blue flag beach close to Konark temple.
392,Sambalpur,Odisha,Historical,Family,2000,6000,Winter,1,4.2,Famous for traditional Ikkat tie-dye handloom textile weaving.,place_images\Sambalpur.jpg,Historical Family Winter Odisha Famous for traditional Ikkat tie-dye handloom textile weaving.
393,Golden Temple,Punjab,Religious,Family,1500,6000,Winter,2,5.0,"Sri Harmandir Sahib, holy center of the Sikh faith.",place_images\Golden_Temple.jpg,"Religious Family Winter Punjab Sri Harmandir Sahib, holy center of the Sikh faith."
394,Wagah Border,Punjab,Historical,Family,1000,3000,Winter,1,4.9,High energy daily military retreat drill ceremony with Pakistan.,place_images\Wagah_Border.jpg,Historical Family Winter Punjab High energy daily military retreat drill ceremony with Pakistan.
395,Jallianwala Bagh,Punjab,Historical,Family,1000,2000,Winter,1,4.7,National memorial ground preservation of historic bullet marks.,place_images\Jallianwala_Bagh.jpg,Historical Family Winter Punjab National memorial ground preservation of historic bullet marks.
396,Anandpur Sahib,Punjab,Religious,Family,1500,5000,Winter,2,4.8,Holy white fort city where Khalsa panth was born.,place_images\Anandpur_Sahib.jpg,Religious Family Winter Punjab Holy white fort city where Khalsa panth was born.
397,Fatehgarh Sahib,Punjab,Religious,Family,1200,4000,Winter,1,4.7,Revered gurudwara marking historic sacrifice sites of sahibzadas.,place_images\Fatehgarh_Sahib.jpg,Religious Family Winter Punjab Revered gurudwara marking historic sacrifice sites of sahibzadas.
398,Patiala,Punjab,Historical,Family,2000,7000,Winter,2,4.4,Qila Mubarak palace seat showing royal turban craft heritages.,place_images\Patiala.jpg,Historical Family Winter Punjab Qila Mubarak palace seat showing royal turban craft heritages.
399,Ludhiana,Punjab,Historical,Friends,2500,8000,Winter,1,4.0,Industrial manufacturing hub keeping old Lodhi fort ruins.,place_images\Ludhiana.jpg,Historical Friends Winter Punjab Industrial manufacturing hub keeping old Lodhi fort ruins.
400,Sirhind,Punjab,Historical,Family,1200,4000,Winter,1,4.2,Ancient trade town holding spectacular Mughal garden tomb architectures.,place_images\Sirhind.jpg,Historical Family Winter Punjab Ancient trade town holding spectacular Mughal garden tomb architectures.
401,Chamkaur Sahib,Punjab,Religious,Solo,1000,3000,Winter,1,4.6,Historic fortress battle memory site of Sikh history tracks.,place_images\Chamkaur_Sahib.jpg,Religious Solo Winter Punjab Historic fortress battle memory site of Sikh history tracks.
402,Bathinda Fort,Punjab,Historical,Family,1500,4000,Winter,1,4.5,Massive brick monument fort where Razia Sultan was jailed.,place_images\Bathinda_Fort.jpg,Historical Family Winter Punjab Massive brick monument fort where Razia Sultan was jailed.
403,Roper Wetland,Punjab,Nature,Solo,1500,4000,Winter,1,4.1,Manmade ecological lake drawing diverse wintering duck populations.,place_images\Roper_Wetland.jpg,Nature Solo Winter Punjab Manmade ecological lake drawing diverse wintering duck populations.
404,Nabha,Punjab,Historical,Family,1500,4500,Winter,1,4.1,Old princely town hosting beautiful old court villas.,place_images\Nabha.jpg,Historical Family Winter Punjab Old princely town hosting beautiful old court villas.
405,Faridkot,Punjab,Historical,Family,1500,4500,Winter,1,4.2,Holding fairytale fairy style wooden mirror work royal palaces.,place_images\Faridkot.jpg,Historical Family Winter Punjab Holding fairytale fairy style wooden mirror work royal palaces.
406,Qila Mubarak,Punjab,Historical,Family,1000,3000,Winter,1,4.3,Heart core historic brick palace works located inside Patiala.,place_images\Qila_Mubarak.jpg,Historical Family Winter Punjab Heart core historic brick palace works located inside Patiala.
407,Harike Pattan,Punjab,Nature,Solo,2000,5000,Winter,1,4.3,Confluence wetland junction of Beas and Sutlej rivers.,place_images\Harike_Pattan.jpg,Nature Solo Winter Punjab Confluence wetland junction of Beas and Sutlej rivers.
408,Gobindgarh Fort,Punjab,Historical,Family,1500,4000,Winter,1,4.5,Amritsar city heritage fortress housing interactive history museums.,place_images\Gobindgarh_Fort.jpg,Historical Family Winter Punjab Amritsar city heritage fortress housing interactive history museums.
409,Kapurthala,Punjab,Historical,Family,2000,6000,Winter,1,4.4,Nicknamed Paris of Punjab for French-style Jagatjit Palace.,place_images\Kapurthala.jpg,Historical Family Winter Punjab Nicknamed Paris of Punjab for French-style Jagatjit Palace.
410,Pathankot,Punjab,Nature,Friends,2000,6000,Winter,1,4.1,Foothill town gateway connecting lines toward Jammu hills.,place_images\Pathankot.jpg,Nature Friends Winter Punjab Foothill town gateway connecting lines toward Jammu hills.
411,Amber Fort,Rajasthan,Historical,Family,2000,8000,Winter,1,4.9,Hilltop Rajput fortress holding beautiful mirror palace halls.,place_images\Amber_Fort.jpg,Historical Family Winter Rajasthan Hilltop Rajput fortress holding beautiful mirror palace halls.
412,Hawa Mahal,Rajasthan,Historical,Family,1000,3000,Winter,1,4.7,Five-story pink sandstone palace featuring screen lattice windows.,place_images\Hawa_Mahal.jpg,Historical Family Winter Rajasthan Five-story pink sandstone palace featuring screen lattice windows.
413,Jaisalmer Fort,Rajasthan,Historical,Solo,3000,12000,Winter,2,4.8,Living golden sandstone fort standing amidst desert spaces.,place_images\Jaisalmer_Fort.jpg,Historical Solo Winter Rajasthan Living golden sandstone fort standing amidst desert spaces.
414,Sam Dunes,Rajasthan,Nature,Friends,4000,12000,Winter,2,4.7,Desert camping tracks offering traditional camel riding safaris.,place_images\Sam_Dunes.jpg,Nature Friends Winter Rajasthan Desert camping tracks offering traditional camel riding safaris.
415,Mehrangarh Fort,Rajasthan,Historical,Family,2000,7000,Winter,1,4.9,Towering blue city fort block overlooking Jodhpur streets.,place_images\Mehrangarh_Fort.jpg,Historical Family Winter Rajasthan Towering blue city fort block overlooking Jodhpur streets.
416,Lake Pichola,Rajasthan,Nature,Couple,4000,20000,Winter,1,4.8,Romantic lake center hosting floating marble palace structures.,place_images\Lake_Pichola.jpg,Nature Couple Winter Rajasthan Romantic lake center hosting floating marble palace structures.
417,Ranthambore,Rajasthan,Wildlife,Family,6000,25000,Winter,2,4.8,Historic fort forest reserve tracking wild day tigers.,place_images\Ranthambore.jpg,Wildlife Family Winter Rajasthan Historic fort forest reserve tracking wild day tigers.
418,Pushkar Lake,Rajasthan,Religious,Solo,2000,6000,Winter,2,4.5,Sacred desert pool town hosting unique Brahma temple.,place_images\Pushkar_Lake.jpg,Religious Solo Winter Rajasthan Sacred desert pool town hosting unique Brahma temple.
419,City Palace Jaipur,Rajasthan,Historical,Family,2000,8000,Winter,1,4.7,Royal residence blending Rajasthani and Mughal architectural patterns.,place_images\City_Palace_Jaipur.jpg,Historical Family Winter Rajasthan Royal residence blending Rajasthani and Mughal architectural patterns.
420,Jantar Mantar,Rajasthan,Historical,Family,1000,3000,Winter,1,4.6,Stone astronomical observatory housing the massive sun dial.,place_images\Jantar_Mantar.jpg,Historical Family Winter Rajasthan Stone astronomical observatory housing the massive sun dial.
421,Chittorgarh Fort,Rajasthan,Historical,Solo,2000,6000,Winter,2,4.8,India's largest fort complex famous for Padmini stories.,place_images\Chittorgarh_Fort.jpg,Historical Solo Winter Rajasthan India's largest fort complex famous for Padmini stories.
422,Kumbhalgarh Fort,Rajasthan,Historical,Friends,2500,8000,Winter,1,4.8,Massive fort holding the longest continuous wall after China.,place_images\Kumbhalgarh_Fort.jpg,Historical Friends Winter Rajasthan Massive fort holding the longest continuous wall after China.
423,Ranakpur Temple,Rajasthan,Religious,Family,2000,6000,Winter,1,4.7,Jain temple masterwork holding over thousand unique pillars.,place_images\Ranakpur_Temple.jpg,Religious Family Winter Rajasthan Jain temple masterwork holding over thousand unique pillars.
424,Mount Abu,Rajasthan,Hill Station,Couple,4000,14000,Winter,2,4.3,The solitary green oasis hill station inside Rajasthan.,place_images\Mount_Abu.jpg,Hill Station Couple Winter Rajasthan The solitary green oasis hill station inside Rajasthan.
425,Dilwara Temples,Rajasthan,Historical,Family,1000,4000,Winter,1,4.8,Unmatched marble filigree carving work inside Jain shrines.,place_images\Dilwara_Temples.jpg,Historical Family Winter Rajasthan Unmatched marble filigree carving work inside Jain shrines.
426,Bundi,Rajasthan,Historical,Solo,2000,6000,Winter,2,4.5,Stepwell town holding raw blue palaces and frescoes.,place_images\Bundi.jpg,Historical Solo Winter Rajasthan Stepwell town holding raw blue palaces and frescoes.
427,Bikaner Fort,Rajasthan,Historical,Family,2000,6000,Winter,1,4.5,Junagarh palace fort complex retaining rich weapons collections.,place_images\Bikaner_Fort.jpg,Historical Family Winter Rajasthan Junagarh palace fort complex retaining rich weapons collections.
428,Alwar,Rajasthan,Historical,Friends,2500,7000,Winter,1,4.2,Bhangarh haunted fort entries and Sariska tiger valley.,place_images\Alwar.jpg,Historical Friends Winter Rajasthan Bhangarh haunted fort entries and Sariska tiger valley.
429,Mandawa,Rajasthan,Historical,Solo,3000,10000,Winter,2,4.4,Open air art gallery town full of frescoed havelis.,place_images\Mandawa.jpg,Historical Solo Winter Rajasthan Open air art gallery town full of frescoed havelis.
430,Bharatpur Bird Sanctuary,Rajasthan,Wildlife,Family,1500,5000,Winter,1,4.6,"Keoladeo national park, premier Siberian crane winter roost.",place_images\Bharatpur_Bird_Sanctuary.jpg,"Wildlife Family Winter Rajasthan Keoladeo national park, premier Siberian crane winter roost."
431,Gangtok,Sikkim,Hill Station,Family,4000,18000,Summer,3,4.7,Clean mountain capital town facing high Kangchenjunga views.,place_images\Gangtok.jpg,Hill Station Family Summer Sikkim Clean mountain capital town facing high Kangchenjunga views.
432,Tsomgo Lake,Sikkim,Nature,Family,5000,12000,Winter,1,4.8,Sacred high altitude alpine lake showing mountain reflections.,place_images\Tsomgo_Lake.jpg,Nature Family Winter Sikkim Sacred high altitude alpine lake showing mountain reflections.
433,Pelling,Sikkim,Hill Station,Couple,4000,14000,Summer,2,4.5,Town offering skywalk tracks directly facing snow ridges.,place_images\Pelling.jpg,Hill Station Couple Summer Sikkim Town offering skywalk tracks directly facing snow ridges.
434,Gurudongmar Lake,Sikkim,Nature,Solo,8000,20000,Summer,2,4.9,Extreme altitude holy lake that never fully freezes.,place_images\Gurudongmar_Lake.jpg,Nature Solo Summer Sikkim Extreme altitude holy lake that never fully freezes.
435,Yuksom,Sikkim,Historical,Solo,3000,9000,Summer,2,4.4,First historic capital town base for base treks.,place_images\Yuksom.jpg,Historical Solo Summer Sikkim First historic capital town base for base treks.
436,Ravangla,Sikkim,Nature,Couple,4000,13000,Summer,2,4.6,Tathagata Tsal park hosting a massive Buddha statue.,place_images\Ravangla.jpg,Nature Couple Summer Sikkim Tathagata Tsal park hosting a massive Buddha statue.
437,Namchi,Sikkim,Religious,Family,3000,10000,Summer,2,4.5,Char Dham cultural replica center built atop hills.,place_images\Namchi.jpg,Religious Family Summer Sikkim Char Dham cultural replica center built atop hills.
438,Rumtek Monastery,Sikkim,Religious,Solo,1500,4000,Summer,1,4.6,Seat of international Kagyu Buddhist school lineage centers.,place_images\Rumtek_Monastery.jpg,Religious Solo Summer Sikkim Seat of international Kagyu Buddhist school lineage centers.
439,Zuluk,Sikkim,Nature,Solo,5000,14000,Winter,2,4.7,Dizzying historic Silk Route loops crossing mountain loops.,place_images\Zuluk.jpg,Nature Solo Winter Sikkim Dizzying historic Silk Route loops crossing mountain loops.
440,Lachen,Sikkim,Hill Station,Friends,5000,15000,Summer,2,4.5,Alpine baseline town village checking Gurudongmar routes.,place_images\Lachen.jpg,Hill Station Friends Summer Sikkim Alpine baseline town village checking Gurudongmar routes.
441,Lachung,Sikkim,Hill Station,Couple,5000,15000,Summer,2,4.6,Beautiful snow village entrance leading to Yumthang valley.,place_images\Lachung.jpg,Hill Station Couple Summer Sikkim Beautiful snow village entrance leading to Yumthang valley.
442,Yumthang Valley,Sikkim,Nature,Couple,4000,10000,Summer,1,4.8,Stunning valley of flowers fields bordered by hot springs.,place_images\Yumthang_Valley.jpg,Nature Couple Summer Sikkim Stunning valley of flowers fields bordered by hot springs.
443,Zero Point,Sikkim,Nature,Friends,4000,10000,Winter,1,4.8,Where civilian roads end into perpetual snow lines.,place_images\Zero_Point.jpg,Nature Friends Winter Sikkim Where civilian roads end into perpetual snow lines.
444,Singhik,Sikkim,Nature,Solo,2500,7000,Summer,1,4.2,Teesta river valley viewpoint looking at high peaks.,place_images\Singhik.jpg,Nature Solo Summer Sikkim Teesta river valley viewpoint looking at high peaks.
445,Mangan,Sikkim,Nature,Solo,3000,9000,Summer,2,4.1,North district baseline hub hosting organic cardamom forests.,place_images\Mangan.jpg,Nature Solo Summer Sikkim North district baseline hub hosting organic cardamom forests.
446,Khecheopalri Lake,Sikkim,Nature,Family,2000,5000,Summer,1,4.5,Wish-fulfilling forest lake kept clean by birds.,place_images\Khecheopalri_Lake.jpg,Nature Family Summer Sikkim Wish-fulfilling forest lake kept clean by birds.
447,Kanchenjunga Base Camp,Sikkim,Nature,Solo,15000,45000,Summer,7,4.9,High alpine glacier trek approach tracking extreme peaks.,place_images\Kanchenjunga_Base_Camp.jpg,Nature Solo Summer Sikkim High alpine glacier trek approach tracking extreme peaks.
448,Teesta River Rafting,Sikkim,Nature,Friends,3000,8000,Summer,1,4.5,White water river rapids crossing deep rocky valleys.,place_images\Teesta_River_Rafting.jpg,Nature Friends Summer Sikkim White water river rapids crossing deep rocky valleys.
449,Meenakshi Temple,Tamil Nadu,Religious,Family,1500,6000,Winter,2,4.9,Madurai architectural marvel with massive sculptured gopurams.,place_images\Meenakshi_Temple.jpg,Religious Family Winter Tamil Nadu Madurai architectural marvel with massive sculptured gopurams.
450,Marina Beach,Tamil Nadu,Beach,Family,1000,4000,Winter,1,4.4,India's longest urban sandy beach along Chennai coast.,place_images\Marina_Beach.jpg,Beach Family Winter Tamil Nadu India's longest urban sandy beach along Chennai coast.
451,Brihadeeswarar Temple,Tamil Nadu,Historical,Family,1500,5000,Winter,1,4.9,"Thanjavur Big Temple, Chola monolithic granite masterpiece.",place_images\Brihadeeswarar_Temple.jpg,"Historical Family Winter Tamil Nadu Thanjavur Big Temple, Chola monolithic granite masterpiece."
452,Ooty,Tamil Nadu,Hill Station,Family,4000,18000,Summer,3,4.6,Blue mountains capital boasting tea gardens and toy train.,place_images\Ooty.jpg,Hill Station Family Summer Tamil Nadu Blue mountains capital boasting tea gardens and toy train.
453,Mahabalipuram,Tamil Nadu,Historical,Friends,2000,8000,Winter,2,4.7,Pallava rock cut shore temples and stone relief carvings.,place_images\Mahabalipuram.jpg,Historical Friends Winter Tamil Nadu Pallava rock cut shore temples and stone relief carvings.
454,Kanyakumari,Tamil Nadu,Nature,Family,3000,10000,Winter,2,4.7,Land's end cape confluence watching triple ocean sunrises.,place_images\Kanyakumari.jpg,Nature Family Winter Tamil Nadu Land's end cape confluence watching triple ocean sunrises.
455,Rameshwaram,Tamil Nadu,Religious,Family,2500,9000,Winter,2,4.8,Island holy temple holding long pillared corridors.,place_images\Rameshwaram.jpg,Religious Family Winter Tamil Nadu Island holy temple holding long pillared corridors.
456,Kodaikanal,Tamil Nadu,Hill Station,Couple,4000,16000,Summer,3,4.6,Princess of hill stations with star shaped mountain lake.,place_images\Kodaikanal.jpg,Hill Station Couple Summer Tamil Nadu Princess of hill stations with star shaped mountain lake.
457,Chidambaram Nataraja,Tamil Nadu,Religious,Family,1500,5000,Winter,1,4.7,Temple center dedicated to cosmic dance pose of Shiva.,place_images\Chidambaram_Nataraja.jpg,Religious Family Winter Tamil Nadu Temple center dedicated to cosmic dance pose of Shiva.
458,Mudumalai,Tamil Nadu,Wildlife,Solo,4000,13000,Winter,2,4.5,Nilgiri biosphere park tracking elephants and tigers.,place_images\Mudumalai.jpg,Wildlife Solo Winter Tamil Nadu Nilgiri biosphere park tracking elephants and tigers.
459,Yelagiri,Tamil Nadu,Hill Station,Friends,3000,9000,Winter,2,4.0,Quiet cluster of villages ideal for amateur trekking.,place_images\Yelagiri.jpg,Hill Station Friends Winter Tamil Nadu Quiet cluster of villages ideal for amateur trekking.
460,Hogenakkal Falls,Tamil Nadu,Nature,Friends,2000,6000,Monsoon,1,4.3,Kaveri river smoke waterfalls famous for coracle boating.,place_images\Hogenakkal_Falls.jpg,Nature Friends Monsoon Tamil Nadu Kaveri river smoke waterfalls famous for coracle boating.
461,Yercaud,Tamil Nadu,Hill Station,Couple,3500,12000,Winter,2,4.2,Poor man's Ooty located across Shevaroy orange hills.,place_images\Yercaud.jpg,Hill Station Couple Winter Tamil Nadu Poor man's Ooty located across Shevaroy orange hills.
462,Vedanthangal,Tamil Nadu,Wildlife,Family,1000,3000,Winter,1,4.5,Historic village tank sanctuary hosting global water birds.,place_images\Vedanthangal.jpg,Wildlife Family Winter Tamil Nadu Historic village tank sanctuary hosting global water birds.
463,Thiruchendur,Tamil Nadu,Religious,Family,2000,7000,Winter,1,4.6,Seashore temple shrine dedicated to Lord Murugan.,place_images\Thiruchendur.jpg,Religious Family Winter Tamil Nadu Seashore temple shrine dedicated to Lord Murugan.
464,Pamban Bridge,Tamil Nadu,Nature,Family,1500,4000,Winter,1,4.8,Historic sea railway bridge linking mainland toward island.,place_images\Pamban_Bridge.jpg,Nature Family Winter Tamil Nadu Historic sea railway bridge linking mainland toward island.
465,Velankanni,Tamil Nadu,Religious,Family,2000,8000,Winter,2,4.6,Shrine Basilica of Our Lady of Good Health.,place_images\Velankanni.jpg,Religious Family Winter Tamil Nadu Shrine Basilica of Our Lady of Good Health.
466,Courtallam Falls,Tamil Nadu,Nature,Family,1500,5000,Monsoon,1,4.4,"Spa of South India, therapeutic mountain stream cascades.",place_images\Courtallam_Falls.jpg,"Nature Family Monsoon Tamil Nadu Spa of South India, therapeutic mountain stream cascades."
467,Dhanushkodi,Tamil Nadu,Nature,Solo,2000,5000,Winter,1,4.8,Ghost town strip bordered by twin oceans at tip.,place_images\Dhanushkodi.jpg,Nature Solo Winter Tamil Nadu Ghost town strip bordered by twin oceans at tip.
468,Coonoor,Tamil Nadu,Hill Station,Couple,4500,15000,Summer,2,4.5,Tranquil tea hill station near classic Nilgiri ridges.,place_images\Coonoor.jpg,Hill Station Couple Summer Tamil Nadu Tranquil tea hill station near classic Nilgiri ridges.
469,Charminar,Telangana,Historical,Family,1000,4000,Winter,1,4.7,Four-minaret granite icon iconic monument building of Hyderabad.,place_images\Charminar.jpg,Historical Family Winter Telangana Four-minaret granite icon iconic monument building of Hyderabad.
470,Golconda Fort,Telangana,Historical,Friends,1500,4000,Winter,1,4.7,Diamond trading fort hill showcasing acoustic signaling designs.,place_images\Golconda_Fort.jpg,Historical Friends Winter Telangana Diamond trading fort hill showcasing acoustic signaling designs.
471,Hussain Sagar,Telangana,Nature,Family,1000,4000,Winter,1,4.4,Heart lake pool featuring large monolithic white Buddha.,place_images\Hussain_Sagar.jpg,Nature Family Winter Telangana Heart lake pool featuring large monolithic white Buddha.
472,Warangal Fort,Telangana,Historical,Family,2000,5000,Winter,1,4.4,Kakatiya carved stone arch gateways and historic ruins.,place_images\Warangal_Fort.jpg,Historical Family Winter Telangana Kakatiya carved stone arch gateways and historic ruins.
473,Nagarjunasagar,Telangana,Nature,Family,2500,7000,Monsoon,1,4.3,Massive hydro dam reservoir forming great water safaris.,place_images\Nagarjunasagar.jpg,Nature Family Monsoon Telangana Massive hydro dam reservoir forming great water safaris.
474,Thousand Pillar Temple,Telangana,Historical,Family,1500,4000,Winter,1,4.5,Star-shaped Kakatiya temple structure showcasing stone finishings.,place_images\Thousand_Pillar_Temple.jpg,Historical Family Winter Telangana Star-shaped Kakatiya temple structure showcasing stone finishings.
475,Ramappa Temple,Telangana,Historical,Solo,2000,5000,Winter,1,4.8,UNESCO heritage shrine displaying light floating brick roofs.,place_images\Ramappa_Temple.jpg,Historical Solo Winter Telangana UNESCO heritage shrine displaying light floating brick roofs.
476,Pakhal Lake,Telangana,Nature,Friends,2000,5000,Winter,1,4.1,Scenic forest reservoir clearing local wildlife drinking needs.,place_images\Pakhal_Lake.jpg,Nature Friends Winter Telangana Scenic forest reservoir clearing local wildlife drinking needs.
477,Eturnagaram Wildlife,Telangana,Wildlife,Solo,3000,8000,Winter,2,4.2,Teak wood forest sanctuary tracking deer along river.,place_images\Eturnagaram_Wildlife.jpg,Wildlife Solo Winter Telangana Teak wood forest sanctuary tracking deer along river.
478,Kuntala Falls,Telangana,Nature,Friends,1500,4000,Monsoon,1,4.3,Highest waterfall cascade path inside Adilabad hill forests.,place_images\Kuntala_Falls.jpg,Nature Friends Monsoon Telangana Highest waterfall cascade path inside Adilabad hill forests.
479,Salar Jung Museum,Telangana,Historical,Family,1000,3000,Winter,1,4.6,One man's antique treasure collection including Veiled Rebecca.,place_images\Salar_Jung_Museum.jpg,Historical Family Winter Telangana One man's antique treasure collection including Veiled Rebecca.
480,Chowmahalla Palace,Telangana,Historical,Couple,1500,4000,Winter,1,4.6,Grand seat of Nizams showcasing opulent crystal chandeliers.,place_images\Chowmahalla_Palace.jpg,Historical Couple Winter Telangana Grand seat of Nizams showcasing opulent crystal chandeliers.
481,Birla Mandir Hyderabad,Telangana,Religious,Family,1000,3000,Winter,1,4.6,White marble hilltop temple overlooking urban water sheets.,place_images\Birla_Mandir_Hyderabad.jpg,Religious Family Winter Telangana White marble hilltop temple overlooking urban water sheets.
482,Medak Cathedral,Telangana,Religious,Family,2000,5000,Winter,1,4.5,Massive gothic revival church holding mosaic stained glass window glass.,place_images\Medak_Cathedral.jpg,Religious Family Winter Telangana Massive gothic revival church holding mosaic stained glass window glass.
483,Bhongir Fort,Telangana,Historical,Friends,1000,3000,Winter,1,4.2,Colossal single egg-shaped monolithic rock hill fort track.,place_images\Bhongir_Fort.jpg,Historical Friends Winter Telangana Colossal single egg-shaped monolithic rock hill fort track.
484,Yadagirigutta,Telangana,Religious,Family,2000,6000,Winter,1,4.6,Hill shrine temple dedicated to Lord Lakshmi Narasimha.,place_images\Yadagirigutta.jpg,Religious Family Winter Telangana Hill shrine temple dedicated to Lord Lakshmi Narasimha.
485,Ananthagiri Hills,Telangana,Hill Station,Friends,2000,6000,Monsoon,1,4.1,Forest driving tracks holding origin lines of Musi river.,place_images\Ananthagiri_Hills.jpg,Hill Station Friends Monsoon Telangana Forest driving tracks holding origin lines of Musi river.
486,Kondagattu,Telangana,Religious,Family,1500,4000,Winter,1,4.3,Anjaneya temple nestled within rocky hill settings.,place_images\Kondagattu.jpg,Religious Family Winter Telangana Anjaneya temple nestled within rocky hill settings.
487,Ujjayanta Palace,Tripura,Historical,Family,1500,4000,Winter,1,4.5,White royal palace building displaying grand Mughal style gardens.,place_images\Ujjayanta_Palace.jpg,Historical Family Winter Tripura White royal palace building displaying grand Mughal style gardens.
488,Neermahal,Tripura,Historical,Couple,2000,6000,Winter,1,4.6,Water palace structure standing inside Rudrasagar lake channel.,place_images\Neermahal.jpg,Historical Couple Winter Tripura Water palace structure standing inside Rudrasagar lake channel.
489,Unakoti,Tripura,Historical,Solo,3000,8000,Winter,2,4.8,Massive rock-cut stone faces carved out of forest hills.,place_images\Unakoti.jpg,Historical Solo Winter Tripura Massive rock-cut stone faces carved out of forest hills.
490,Sepahijala Wildlife,Tripura,Wildlife,Family,1000,3000,Winter,1,4.2,Refuge forest keeping rare local spectacled leaf monkeys.,place_images\Sepahijala_Wildlife.jpg,Wildlife Family Winter Tripura Refuge forest keeping rare local spectacled leaf monkeys.
491,Jampui Hills,Tripura,Hill Station,Couple,4000,11000,Winter,2,4.3,Highest hill ranges famous for sweet orange orchard crops.,place_images\Jampui_Hills.jpg,Hill Station Couple Winter Tripura Highest hill ranges famous for sweet orange orchard crops.
492,Trishna Wildlife,Tripura,Wildlife,Solo,3500,9000,Winter,2,4.1,Bison reserve tracking herds through unique bamboo forests.,place_images\Trishna_Wildlife.jpg,Wildlife Solo Winter Tripura Bison reserve tracking herds through unique bamboo forests.
493,Pilak,Tripura,Historical,Solo,2500,6000,Winter,1,4.0,Archaeological site showing ancient Buddhist-Hindu terracotta plaques.,place_images\Pilak.jpg,Historical Solo Winter Tripura Archaeological site showing ancient Buddhist-Hindu terracotta plaques.
494,Dumboor Lake,Tripura,Nature,Friends,2500,7000,Winter,1,4.3,Massive water body holding close to 48 distinct islands.,place_images\Dumboor_Lake.jpg,Nature Friends Winter Tripura Massive water body holding close to 48 distinct islands.
495,Chabimura,Tripura,Historical,Solo,3000,8000,Winter,1,4.6,Rock carvings of panels panels along steep river rock cliffs.,place_images\Chabimura.jpg,Historical Solo Winter Tripura Rock carvings of panels panels along steep river rock cliffs.
496,Udaipur Tripura Sundari,Tripura,Religious,Family,1500,5000,Winter,1,4.7,500 year old pithasthan shrine shaped like tortoise back.,place_images\Udaipur_Tripura_Sundari.jpg,Religious Family Winter Tripura 500 year old pithasthan shrine shaped like tortoise back.
497,Bison National Park,Tripura,Wildlife,Solo,4000,10000,Winter,2,4.2,Dedicated sanctuary saving local Indian gaur wild populations.,place_images\Bison_National_Park.jpg,Wildlife Solo Winter Tripura Dedicated sanctuary saving local Indian gaur wild populations.
498,Heritage Park,Tripura,Nature,Family,1000,2500,Winter,1,4.0,Agartala urban gardens showing mini models of state attractions.,place_images\Heritage_Park.jpg,Nature Family Winter Tripura Agartala urban gardens showing mini models of state attractions.
499,Baramura Eco Park,Tripura,Nature,Friends,1500,4000,Winter,1,4.0,Bridge trails cutting into local mountain forest curves.,place_images\Baramura_Eco_Park.jpg,Nature Friends Winter Tripura Bridge trails cutting into local mountain forest curves.
500,Bhuwaneshwari Temple,Tripura,Historical,Family,1000,3000,Winter,1,4.1,Riverbank shrine immortalized within famous Rabindranath Tagore literature.,place_images\Bhuwaneshwari_Temple.jpg,Historical Family Winter Tripura Riverbank shrine immortalized within famous Rabindranath Tagore literature.
501,Taj Mahal,Uttar Pradesh,Historical,Family,2000,10000,Winter,1,5.0,"White marble monument mausoleum of love, premier world wonder.",place_images\Taj_Mahal.jpg,"Historical Family Winter Uttar Pradesh White marble monument mausoleum of love, premier world wonder."
502,Agra Fort,Uttar Pradesh,Historical,Family,1500,5000,Winter,1,4.8,Massive red sandstone walled fortress city of Mughal emperors.,place_images\Agra_Fort.jpg,Historical Family Winter Uttar Pradesh Massive red sandstone walled fortress city of Mughal emperors.
503,Kashi Vishwanath,Uttar Pradesh,Religious,Family,1500,6000,Winter,2,4.9,Varanasi gold spire temple dedicated to Lord Shiva.,place_images\Kashi_Vishwanath.jpg,Religious Family Winter Uttar Pradesh Varanasi gold spire temple dedicated to Lord Shiva.
504,Dashashwamedh Ghat,Uttar Pradesh,Religious,Solo,1000,4000,Winter,1,4.9,Main river bank front conducting spectacular evening Ganga Aarti.,place_images\Dashashwamedh_Ghat.jpg,Religious Solo Winter Uttar Pradesh Main river bank front conducting spectacular evening Ganga Aarti.
505,Sarnath,Uttar Pradesh,Historical,Family,1000,4000,Winter,1,4.7,Deer park field where Buddha gave first wheel discourse.,place_images\Sarnath.jpg,Historical Family Winter Uttar Pradesh Deer park field where Buddha gave first wheel discourse.
506,Fatehpur Sikri,Uttar Pradesh,Historical,Friends,1500,5000,Winter,1,4.6,Ghost imperial stone city holding giant Buland Darwaza door.,place_images\Fatehpur_Sikri.jpg,Historical Friends Winter Uttar Pradesh Ghost imperial stone city holding giant Buland Darwaza door.
507,Mathura Krishna Janmabhoomi,Uttar Pradesh,Religious,Family,1500,5000,Winter,2,4.7,Birth prison cell site temple of Lord Krishna.,place_images\Mathura_Krishna_Janmabhoomi.jpg,Religious Family Winter Uttar Pradesh Birth prison cell site temple of Lord Krishna.
508,Vrindavan,Uttar Pradesh,Religious,Family,1500,5000,Winter,2,4.7,Holy forest town hosting Banke Bihari temple chants.,place_images\Vrindavan.jpg,Religious Family Winter Uttar Pradesh Holy forest town hosting Banke Bihari temple chants.
509,Lucknow Bara Imambara,Uttar Pradesh,Historical,Family,1500,5000,Winter,1,4.6,Nawabi hall famous for massive gravity-defying labyrinth roof loop.,place_images\Lucknow_Bara_Imambara.jpg,Historical Family Winter Uttar Pradesh Nawabi hall famous for massive gravity-defying labyrinth roof loop.
510,Dudhwa National Park,Uttar Pradesh,Wildlife,Solo,4000,14000,Winter,2,4.5,Terai marsh grassland saving swamp deer and tigers.,place_images\Dudhwa_National_Park.jpg,Wildlife Solo Winter Uttar Pradesh Terai marsh grassland saving swamp deer and tigers.
511,Prayagraj Triveni Sangam,Uttar Pradesh,Religious,Family,1500,5000,Winter,1,4.8,"Confluence water line joining Ganga, Yamuna, mythical Saraswati.",place_images\Prayagraj_Triveni_Sangam.jpg,"Religious Family Winter Uttar Pradesh Confluence water line joining Ganga, Yamuna, mythical Saraswati."
512,Ayodhya Ram Mandir,Uttar Pradesh,Religious,Family,2000,8000,Winter,2,4.9,Grand temple monument marking birth site of Lord Rama.,place_images\Ayodhya_Ram_Mandir.jpg,Religious Family Winter Uttar Pradesh Grand temple monument marking birth site of Lord Rama.
513,Jhansi Fort,Uttar Pradesh,Historical,Family,1000,3500,Winter,1,4.5,Hilltop fort marking Rani Lakshmibai freedom war struggles.,place_images\Jhansi_Fort.jpg,Historical Family Winter Uttar Pradesh Hilltop fort marking Rani Lakshmibai freedom war struggles.
514,Chandra Prabha Sanctuary,Uttar Pradesh,Wildlife,Friends,2000,5000,Winter,1,4.1,Scenic waterfalls loops flanking native woodland animal spaces.,place_images\Chandra_Prabha_Sanctuary.jpg,Wildlife Friends Winter Uttar Pradesh Scenic waterfalls loops flanking native woodland animal spaces.
515,Rishikesh,Uttarakhand,Nature,Friends,3000,12000,Winter,2,4.8,Yoga capital world hub offering white river rafting.,place_images\Rishikesh.jpg,Nature Friends Winter Uttarakhand Yoga capital world hub offering white river rafting.
516,Haridwar,Uttarakhand,Religious,Family,1500,5000,Winter,1,4.8,Ganges exit point tracking massive Har ki Pauri illumination.,place_images\Haridwar.jpg,Religious Family Winter Uttarakhand Ganges exit point tracking massive Har ki Pauri illumination.
517,Nainital Lake,Uttarakhand,Hill Station,Family,4000,15000,Summer,2,4.5,Eye-shaped mountain lake backed by row boat lines.,place_images\Nainital_Lake.jpg,Hill Station Family Summer Uttarakhand Eye-shaped mountain lake backed by row boat lines.
518,Valley of Flowers,Uttarakhand,Nature,Solo,8000,20000,Monsoon,3,4.9,Endemic alpine flower blossom fields inside high parks.,place_images\Valley_of_Flowers.jpg,Nature Solo Monsoon Uttarakhand Endemic alpine flower blossom fields inside high parks.
519,Kedarnath Temple,Uttarakhand,Religious,Solo,5000,18000,Summer,3,5.0,"High mountain glacier shrine of Shiva, premier Char Dham.",place_images\Kedarnath_Temple.jpg,"Religious Solo Summer Uttarakhand High mountain glacier shrine of Shiva, premier Char Dham."
520,Badrinath Temple,Uttarakhand,Religious,Family,4000,15000,Summer,2,4.9,Sacred Vishnu seat facing Alaknanda river snowy lines.,place_images\Badrinath_Temple.jpg,Religious Family Summer Uttarakhand Sacred Vishnu seat facing Alaknanda river snowy lines.
521,Auli Ski Resort,Uttarakhand,Hill Station,Couple,6000,22000,Winter,2,4.7,Snow slopes hosting long cable cars and pine lines.,place_images\Auli_Ski_Resort.jpg,Hill Station Couple Winter Uttarakhand Snow slopes hosting long cable cars and pine lines.
522,Jim Corbett,Uttarakhand,Wildlife,Family,5000,20000,Winter,2,4.8,Oldest national tiger reserve tracking river forest paths.,place_images\Jim_Corbett.jpg,Wildlife Family Winter Uttarakhand Oldest national tiger reserve tracking river forest paths.
523,Mussoorie,Uttarakhand,Hill Station,Family,4000,16000,Summer,2,4.4,Queen of Hills holding Kempty falls and Mall views.,place_images\Mussoorie.jpg,Hill Station Family Summer Uttarakhand Queen of Hills holding Kempty falls and Mall views.
524,Chopta Tungnath,Uttarakhand,Nature,Solo,3000,10000,Summer,2,4.8,Highest stone Shiva temple trek surrounded by meadows.,place_images\Chopta_Tungnath.jpg,Nature Solo Summer Uttarakhand Highest stone Shiva temple trek surrounded by meadows.
525,Kausani,Uttarakhand,Hill Station,Couple,4000,12000,Summer,2,4.5,Offering extensive panoramic window views of high snow walls.,place_images\Kausani.jpg,Hill Station Couple Summer Uttarakhand Offering extensive panoramic window views of high snow walls.
526,Ranikhet,Uttarakhand,Hill Station,Family,3500,11000,Summer,2,4.3,Quiet cantonment hill station holding golf loops and pines.,place_images\Ranikhet.jpg,Hill Station Family Summer Uttarakhand Quiet cantonment hill station holding golf loops and pines.
527,Victoria Memorial,West Bengal,Historical,Family,1000,4000,Winter,1,4.7,White marble palace museum celebrating classic architecture history.,place_images\Victoria_Memorial.jpg,Historical Family Winter West Bengal White marble palace museum celebrating classic architecture history.
528,Howrah Bridge,West Bengal,Historical,Family,1000,3000,Winter,1,4.6,Massive cantilever steel bridge crossing Hooghly river traffic.,place_images\Howrah_Bridge.jpg,Historical Family Winter West Bengal Massive cantilever steel bridge crossing Hooghly river traffic.
529,Darjeeling Tea Gardens,West Bengal,Hill Station,Couple,4000,18000,Summer,3,4.8,Premium tea estate estates overlooking vintage toy steam trains.,place_images\Darjeeling_Tea_Gardens.jpg,Hill Station Couple Summer West Bengal Premium tea estate estates overlooking vintage toy steam trains.
530,Tiger Hill,West Bengal,Nature,Couple,1500,4000,Summer,1,4.7,Famed early morning sunrise viewpoint catch of Mount Everest.,place_images\Tiger_Hill.jpg,Nature Couple Summer West Bengal Famed early morning sunrise viewpoint catch of Mount Everest.
531,Sundarbans,West Bengal,Wildlife,Solo,5000,15000,Winter,3,4.6,Massive mangrove delta swamp home to swimming Bengal tigers.,place_images\Sundarbans.jpg,Wildlife Solo Winter West Bengal Massive mangrove delta swamp home to swimming Bengal tigers.
532,Bishnupur,West Bengal,Historical,Solo,2000,6000,Winter,2,4.5,Malla dynasty terracotta brick temples famous for sarees.,place_images\Bishnupur.jpg,Historical Solo Winter West Bengal Malla dynasty terracotta brick temples famous for sarees.
533,Cooch Behar Palace,West Bengal,Historical,Family,2000,6000,Winter,1,4.4,Grand brick palace modeled after classic Rome designs.,place_images\Cooch_Behar_Palace.jpg,Historical Family Winter West Bengal Grand brick palace modeled after classic Rome designs.
534,Shantiniketan,West Bengal,Historical,Solo,2000,7000,Winter,2,4.6,Tagore's open air university home rich in artisan crafts.,place_images\Shantiniketan.jpg,Historical Solo Winter West Bengal Tagore's open air university home rich in artisan crafts.
535,Murshidabad,West Bengal,Historical,Family,2000,6000,Winter,2,4.4,Hazarduari Palace building holding thousand real glass mirrors.,place_images\Murshidabad.jpg,Historical Family Winter West Bengal Hazarduari Palace building holding thousand real glass mirrors.
536,Jaldapara Wildlife,West Bengal,Wildlife,Friends,4000,12000,Winter,2,4.5,Grassland park tracking rare Asian one-horned rhino packs.,place_images\Jaldapara_Wildlife.jpg,Wildlife Friends Winter West Bengal Grassland park tracking rare Asian one-horned rhino packs.
537,Digha Beach,West Bengal,Beach,Family,2000,8000,Winter,2,4.0,Highly popular weekend flat sand resort beach town.,place_images\Digha_Beach.jpg,Beach Family Winter West Bengal Highly popular weekend flat sand resort beach town.
538,Kalimpong,West Bengal,Hill Station,Couple,3500,12000,Summer,2,4.3,Quiet mountain ridge town rich in flower nurseries.,place_images\Kalimpong.jpg,Hill Station Couple Summer West Bengal Quiet mountain ridge town rich in flower nurseries.
539,Red Fort,Delhi,Historical,Family,1000,3000,Winter,1,4.6,Massive red sandstone fortress seat of Mughal empire power.,place_images\Red_Fort.jpg,Historical Family Winter Delhi Massive red sandstone fortress seat of Mughal empire power.
540,Qutub Minar,Delhi,Historical,Family,1000,3000,Winter,1,4.7,Tallest historical brick minaret tower tower built in world.,place_images\Qutub_Minar.jpg,Historical Family Winter Delhi Tallest historical brick minaret tower tower built in world.
541,India Gate,Delhi,Historical,Family,500,2000,Winter,1,4.7,Triumphal stone arch war memorial arch honoring fallen soldiers.,place_images\India_Gate.jpg,Historical Family Winter Delhi Triumphal stone arch war memorial arch honoring fallen soldiers.
542,Humayun Tomb,Delhi,Historical,Friends,1000,3000,Winter,1,4.7,Precursor structure design inspiration model behind Taj Mahal dome.,place_images\Humayun_Tomb.jpg,Historical Friends Winter Delhi Precursor structure design inspiration model behind Taj Mahal dome.
543,Lotus Temple,Delhi,Religious,Family,500,2000,Winter,1,4.5,Bahai marble blossom petal shrine open to all faiths.,place_images\Lotus_Temple.jpg,Religious Family Winter Delhi Bahai marble blossom petal shrine open to all faiths.
544,Akshardham,Delhi,Historical,Family,1500,5000,Winter,1,4.8,Colossal modern pink stone carved temple arts complex.,place_images\Akshardham.jpg,Historical Family Winter Delhi Colossal modern pink stone carved temple arts complex.
545,Chandni Chowk,Delhi,Historical,Friends,1000,4000,Winter,1,4.4,Vibrant historic market alley packed with street foods.,place_images\Chandni_Chowk.jpg,Historical Friends Winter Delhi Vibrant historic market alley packed with street foods.
546,Jama Masjid,Delhi,Religious,Solo,500,2000,Winter,1,4.5,Massive courtyard mosque overlooking Old Delhi dense grids.,place_images\Jama_Masjid.jpg,Religious Solo Winter Delhi Massive courtyard mosque overlooking Old Delhi dense grids.
547,Hauz Khas Village,Delhi,Historical,Friends,1500,5000,Winter,1,4.2,Medieval reservoir ruins bordered by active urban pub streets.,place_images\Hauz_Khas_Village.jpg,Historical Friends Winter Delhi Medieval reservoir ruins bordered by active urban pub streets.
548,Lodi Garden,Delhi,Nature,Couple,500,2000,Winter,1,4.5,Tombs gardens popular among elite early walking routes.,place_images\Lodi_Garden.jpg,Nature Couple Winter Delhi Tombs gardens popular among elite early walking routes.
549,Radhanagar Beach,Andaman & Nicobar,Beach,Couple,8000,35000,Winter,2,4.9, Pristine turquoise water beach rated best across Asia lines.,place_images\Radhanagar_Beach.jpg,Beach Couple Winter Andaman & Nicobar  Pristine turquoise water beach rated best across Asia lines.
550,Cellular Jail,Andaman & Nicobar,Historical,Family,2000,6000,Winter,1,4.8,Historic Kala Pani colonial prison monument inside Port Blair.,place_images\Cellular_Jail.jpg,Historical Family Winter Andaman & Nicobar Historic Kala Pani colonial prison monument inside Port Blair.
551,Havelock Island,Andaman & Nicobar,Beach,Couple,8000,40000,Winter,3,4.9,Coral reef island world famous for deep sea diving.,place_images\Havelock_Island.jpg,Beach Couple Winter Andaman & Nicobar Coral reef island world famous for deep sea diving.
552,Neil Island,Andaman & Nicobar,Beach,Solo,6000,20000,Winter,2,4.6,Relaxed agricultural island showing natural rock bridges.,place_images\Neil_Island.jpg,Beach Solo Winter Andaman & Nicobar Relaxed agricultural island showing natural rock bridges.
553,Baratang Island,Andaman & Nicobar,Nature,Friends,4000,10000,Winter,1,4.4,Jarawa tribal reserves holding unique mangrove limestone caves.,place_images\Baratang_Island.jpg,Nature Friends Winter Andaman & Nicobar Jarawa tribal reserves holding unique mangrove limestone caves.
554,Ross Island,Andaman & Nicobar,Historical,Family,1500,4000,Winter,1,4.5,Old British jungle-overgrown ruined base camp structures.,place_images\Ross_Island.jpg,Historical Family Winter Andaman & Nicobar Old British jungle-overgrown ruined base camp structures.
555,Agatti Island,Lakshadweep,Beach,Couple,12000,50000,Winter,3,4.8,Stunning coral runway landing strip overlooking blue lagoons.,place_images\Agatti_Island.jpg,Beach Couple Winter Lakshadweep Stunning coral runway landing strip overlooking blue lagoons.
556,Bangaram Island,Lakshadweep,Beach,Couple,15000,60000,Winter,3,4.9,Uninhabited teardrop resort island holding shallow coral circles.,place_images\Bangaram_Island.jpg,Beach Couple Winter Lakshadweep Uninhabited teardrop resort island holding shallow coral circles.
557,Kavaratti,Lakshadweep,Beach,Solo,8000,25000,Winter,2,4.5,UT administrative center capital rich in marine aquariums.,place_images\Kavaratti.jpg,Beach Solo Winter Lakshadweep UT administrative center capital rich in marine aquariums.
558,Minicoy Island,Lakshadweep,Beach,Solo,10000,30000,Winter,3,4.7,Maldivian style culture outpost with tall vintage lighthouse.,place_images\Minicoy_Island.jpg,Beach Solo Winter Lakshadweep Maldivian style culture outpost with tall vintage lighthouse.
559,French Quarter,Puducherry,Historical,Couple,3000,15000,Winter,2,4.6,White Town neighborhood boasting yellow villas and cafes.,place_images\French_Quarter.jpg,Historical Couple Winter Puducherry White Town neighborhood boasting yellow villas and cafes.
560,Auroville,Puducherry,Religious,Solo,2000,8000,Winter,2,4.5,Experimental township centered around gold Matrimandir globe dome.,place_images\Auroville.jpg,Religious Solo Winter Puducherry Experimental township centered around gold Matrimandir globe dome.
561,Promenade Beach,Puducherry,Beach,Family,1000,4000,Winter,1,4.4,Rock-lined urban seaside pathway tracking Gandhi statues.,place_images\Promenade_Beach.jpg,Beach Family Winter Puducherry Rock-lined urban seaside pathway tracking Gandhi statues.
562,Sri Aurobindo Ashram,Puducherry,Religious,Solo,500,2000,Winter,1,4.5,Spiritual community house drawing global meditation crowds.,place_images\Sri_Aurobindo_Ashram.jpg,Religious Solo Winter Puducherry Spiritual community house drawing global meditation crowds.
563,Rock Garden,Chandigarh,Historical,Family,1000,3000,Winter,1,4.6,Nek Chand's art maze created entirely out of waste material.,place_images\Rock_Garden.jpg,Historical Family Winter Chandigarh Nek Chand's art maze created entirely out of waste material.
564,Sukhna Lake,Chandigarh,Nature,Family,1000,3000,Winter,1,4.4,Manmade foothill lake holding scenic pedal boat tracks.,place_images\Sukhna_Lake.jpg,Nature Family Winter Chandigarh Manmade foothill lake holding scenic pedal boat tracks.
565,Rose Garden,Chandigarh,Nature,Family,500,2000,Winter,1,4.2,Massive botanic lawns containing thousands of distinct rose variants.,place_images\Rose_Garden.jpg,Nature Family Winter Chandigarh Massive botanic lawns containing thousands of distinct rose variants.
566,Pangong Lake,Ladakh,Nature,Solo,10000,35000,Summer,2,4.9,High saline lake changing shades from blue to green.,place_images\Pangong_Lake.jpg,Nature Solo Summer Ladakh High saline lake changing shades from blue to green.
567,Nubra Valley,Ladakh,Nature,Friends,8000,25000,Summer,2,4.8,Cold mountain desert sand dunes with double-humped camels.,place_images\Nubra_Valley.jpg,Nature Friends Summer Ladakh Cold mountain desert sand dunes with double-humped camels.
568,Leh Palace,Ladakh,Historical,Family,2000,6000,Summer,1,4.5,9-story historic mud palace built by old Himalayan kings.,place_images\Leh_Palace.jpg,Historical Family Summer Ladakh 9-story historic mud palace built by old Himalayan kings.
569,Thiksey Monastery,Ladakh,Religious,Solo,1500,4000,Summer,1,4.7,Layered structure village design mimicking Potala palace format.,place_images\Thiksey_Monastery.jpg,Religious Solo Summer Ladakh Layered structure village design mimicking Potala palace format.
570,Magnetic Hill,Ladakh,Nature,Friends,1000,3000,Summer,1,4.1,Gravity defying optical illusion road tracking mountain backdrops.,place_images\Magnetic_Hill.jpg,Nature Friends Summer Ladakh Gravity defying optical illusion road tracking mountain backdrops.
571,Dal Lake,J&K,Nature,Couple,4000,20000,Summer,2,4.9,Iconic Srinagar water channel lined with cedar wood houseboats.,place_images\Dal_Lake.jpg,Nature Couple Summer J&K Iconic Srinagar water channel lined with cedar wood houseboats.
572,Gulmarg,J&K,Hill Station,Friends,6000,30000,Winter,2,4.9,Ski meadows baseline containing highest alpine gondola cable cars.,place_images\Gulmarg.jpg,Hill Station Friends Winter J&K Ski meadows baseline containing highest alpine gondola cable cars.
573,Pahalgam,J&K,Hill Station,Family,5000,20000,Summer,3,4.8,Shepherd valley base holding Lidder river trout runs.,place_images\Pahalgam.jpg,Hill Station Family Summer J&K Shepherd valley base holding Lidder river trout runs.
574,Sonamarg,J&K,Hill Station,Couple,5000,18000,Summer,2,4.7,Meadow of Gold providing close walks toward Thajiwas glaciers.,place_images\Sonamarg.jpg,Hill Station Couple Summer J&K Meadow of Gold providing close walks toward Thajiwas glaciers.
575,Vaishno Devi,J&K,Religious,Family,3000,10000,Winter,2,5.0,Highly visited holy cave temple of Mata Rani in Katra hills.,place_images\Vaishno_Devi.jpg,Religious Family Winter J&K Highly visited holy cave temple of Mata Rani in Katra hills.
576,Silvassa,Dadra & Nagar Haveli,Nature,Family,3000,10000,Winter,2,4.0,Capital town offering Portuguese memories and local gardens.,place_images\Silvassa.jpg,Nature Family Winter Dadra & Nagar Haveli Capital town offering Portuguese memories and local gardens.
577,Dudhni Lake,Dadra & Nagar Haveli,Nature,Friends,2000,6000,Winter,1,4.1,Expansive waterfront resort base for speed jet ski rides.,place_images\Dudhni_Lake.jpg,Nature Friends Winter Dadra & Nagar Haveli Expansive waterfront resort base for speed jet ski rides.
